State,state_code,deaths,Pop,Age_grp,Year_grp,age,year,cohort,censor
Alabama,1,19,1635255,15-19,2002-2006,17,2004,1987,0
Alaska,2,10,272225,15-19,2002-2006,17,2004,1987,-1
Arizona,4,64,2025429,15-19,2002-2006,17,2004,1987,0
Arkansas,5,34,983904,15-19,2002-2006,17,2004,1987,0
California,6,97,13120037,15-19,2002-2006,17,2004,1987,0
Colorado,8,29,1641317,15-19,2002-2006,17,2004,1987,0
Connecticut,9,45,1212894,15-19,2002-2006,17,2004,1987,0
Delaware,10,10,300090,15-19,2002-2006,17,2004,1987,-1
District of Columbia,11,10,191257,15-19,2002-2006,17,2004,1987,-1
Florida,12,209,5691854,15-19,2002-2006,17,2004,1987,0
Georgia,13,42,3203305,15-19,2002-2006,17,2004,1987,0
Hawaii,15,10,418484,15-19,2002-2006,17,2004,1987,-1
Idaho,16,10,558503,15-19,2002-2006,17,2004,1987,0
Illinois,17,102,4532226,15-19,2002-2006,17,2004,1987,0
Indiana,18,30,2292518,15-19,2002-2006,17,2004,1987,0
Iowa,19,12,1105245,15-19,2002-2006,17,2004,1987,0
Kansas,20,10,1048239,15-19,2002-2006,17,2004,1987,-1
Kentucky,21,57,1432427,15-19,2002-2006,17,2004,1987,0
Louisiana,22,45,1735101,15-19,2002-2006,17,2004,1987,0
Maine,23,16,469452,15-19,2002-2006,17,2004,1987,0
Maryland,24,64,1959993,15-19,2002-2006,17,2004,1987,0
Massachusetts,25,53,2253921,15-19,2002-2006,17,2004,1987,0
Michigan,26,49,3716266,15-19,2002-2006,17,2004,1987,0
Minnesota,27,13,1907260,15-19,2002-2006,17,2004,1987,0
Mississippi,28,10,1115600,15-19,2002-2006,17,2004,1987,-1
Missouri,29,55,2103654,15-19,2002-2006,17,2004,1987,0
Montana,30,12,357729,15-19,2002-2006,17,2004,1987,0
Nebraska,31,10,671781,15-19,2002-2006,17,2004,1987,-1
Nevada,32,44,753047,15-19,2002-2006,17,2004,1987,0
New Hampshire,33,18,473098,15-19,2002-2006,17,2004,1987,0
New Jersey,34,56,2857181,15-19,2002-2006,17,2004,1987,0
New Mexico,35,19,749046,15-19,2002-2006,17,2004,1987,0
New York,36,75,6720983,15-19,2002-2006,17,2004,1987,0
North Carolina,37,125,2975350,15-19,2002-2006,17,2004,1987,0
North Dakota,38,10,261503,15-19,2002-2006,17,2004,1987,-1
Ohio,39,79,4114017,15-19,2002-2006,17,2004,1987,0
Oklahoma,40,52,1313289,15-19,2002-2006,17,2004,1987,0
Oregon,41,27,1251645,15-19,2002-2006,17,2004,1987,0
Pennsylvania,42,87,4460233,15-19,2002-2006,17,2004,1987,0
Rhode Island,44,10,400983,15-19,2002-2006,17,2004,1987,-1
South Carolina,45,20,1545957,15-19,2002-2006,17,2004,1987,0
South Dakota,46,10,305793,15-19,2002-2006,17,2004,1987,-1
Tennessee,47,49,2033197,15-19,2002-2006,17,2004,1987,0
Texas,48,194,8613164,15-19,2002-2006,17,2004,1987,0
Utah,49,42,1050314,15-19,2002-2006,17,2004,1987,0
Vermont,50,10,244087,15-19,2002-2006,17,2004,1987,-1
Virginia,51,50,2629654,15-19,2002-2006,17,2004,1987,0
Washington,53,57,2219553,15-19,2002-2006,17,2004,1987,0
West Virginia,54,27,599704,15-19,2002-2006,17,2004,1987,0
Wisconsin,55,42,2077914,15-19,2002-2006,17,2004,1987,0
Wyoming,56,10,198333,15-19,2002-2006,17,2004,1987,-1
Alabama,1,56,1629510,20-24,2002-2006,22,2004,1982,0
Alaska,2,11,251115,20-24,2002-2006,22,2004,1982,0
Arizona,4,126,2057884,20-24,2002-2006,22,2004,1982,0
Arkansas,5,65,982507,20-24,2002-2006,22,2004,1982,0
California,6,355,13103207,20-24,2002-2006,22,2004,1982,0
Colorado,8,91,1689805,20-24,2002-2006,22,2004,1982,0
Connecticut,9,106,1024088,20-24,2002-2006,22,2004,1982,0
Delaware,10,16,288498,20-24,2002-2006,22,2004,1982,0
District of Columbia,11,10,261600,20-24,2002-2006,22,2004,1982,-1
Florida,12,507,5584133,20-24,2002-2006,22,2004,1982,0
Georgia,13,115,3212606,20-24,2002-2006,22,2004,1982,0
Hawaii,15,10,476391,20-24,2002-2006,22,2004,1982,-1
Idaho,16,13,531211,20-24,2002-2006,22,2004,1982,0
Illinois,17,315,4426928,20-24,2002-2006,22,2004,1982,0
Indiana,18,94,2261593,20-24,2002-2006,22,2004,1982,0
Iowa,19,23,1096427,20-24,2002-2006,22,2004,1982,0
Kansas,20,35,1043128,20-24,2002-2006,22,2004,1982,0
Kentucky,21,129,1491327,20-24,2002-2006,22,2004,1982,0
Louisiana,22,92,1761892,20-24,2002-2006,22,2004,1982,0
Maine,23,70,389003,20-24,2002-2006,22,2004,1982,0
Maryland,24,195,1787622,20-24,2002-2006,22,2004,1982,0
Massachusetts,25,251,2154308,20-24,2002-2006,22,2004,1982,0
Michigan,26,157,3442124,20-24,2002-2006,22,2004,1982,0
Minnesota,27,48,1799978,20-24,2002-2006,22,2004,1982,0
Mississippi,28,19,1117258,20-24,2002-2006,22,2004,1982,0
Missouri,29,157,2051783,20-24,2002-2006,22,2004,1982,0
Montana,30,13,339098,20-24,2002-2006,22,2004,1982,0
Nebraska,31,10,658984,20-24,2002-2006,22,2004,1982,-1
Nevada,32,89,781684,20-24,2002-2006,22,2004,1982,0
New Hampshire,33,58,398023,20-24,2002-2006,22,2004,1982,0
New Jersey,34,171,2532963,20-24,2002-2006,22,2004,1982,0
New Mexico,35,52,699403,20-24,2002-2006,22,2004,1982,0
New York,36,206,6552203,20-24,2002-2006,22,2004,1982,0
North Carolina,37,266,2997466,20-24,2002-2006,22,2004,1982,0
North Dakota,38,10,296628,20-24,2002-2006,22,2004,1982,-1
Ohio,39,222,3858516,20-24,2002-2006,22,2004,1982,0
Oklahoma,40,119,1370969,20-24,2002-2006,22,2004,1982,0
Oregon,41,62,1246912,20-24,2002-2006,22,2004,1982,0
Pennsylvania,42,307,4047983,20-24,2002-2006,22,2004,1982,0
Rhode Island,44,30,390988,20-24,2002-2006,22,2004,1982,0
South Carolina,45,49,1519595,20-24,2002-2006,22,2004,1982,0
South Dakota,46,10,293105,20-24,2002-2006,22,2004,1982,-1
Tennessee,47,148,2062136,20-24,2002-2006,22,2004,1982,0
Texas,48,408,8625571,20-24,2002-2006,22,2004,1982,0
Utah,49,170,1205279,20-24,2002-2006,22,2004,1982,0
Vermont,50,26,212118,20-24,2002-2006,22,2004,1982,0
Virginia,51,182,2682254,20-24,2002-2006,22,2004,1982,0
Washington,53,143,2215841,20-24,2002-2006,22,2004,1982,0
West Virginia,54,126,615071,20-24,2002-2006,22,2004,1982,0
Wisconsin,55,95,1959804,20-24,2002-2006,22,2004,1982,0
Wyoming,56,10,198583,20-24,2002-2006,22,2004,1982,-1
Alabama,1,48,1438635,25-29,2002-2006,27,2004,1977,0
Alaska,2,10,216176,25-29,2002-2006,27,2004,1977,-1
Arizona,4,109,2019723,25-29,2002-2006,27,2004,1977,0
Arkansas,5,69,901683,25-29,2002-2006,27,2004,1977,0
California,6,408,12827229,25-29,2002-2006,27,2004,1977,0
Colorado,8,109,1640479,25-29,2002-2006,27,2004,1977,0
Connecticut,9,88,962789,25-29,2002-2006,27,2004,1977,0
Delaware,10,24,265451,25-29,2002-2006,27,2004,1977,0
District of Columbia,11,10,266975,25-29,2002-2006,27,2004,1977,-1
Florida,12,587,5185727,25-29,2002-2006,27,2004,1977,0
Georgia,13,140,3128217,25-29,2002-2006,27,2004,1977,0
Hawaii,15,17,431389,25-29,2002-2006,27,2004,1977,0
Idaho,16,20,456123,25-29,2002-2006,27,2004,1977,0
Illinois,17,336,4313528,25-29,2002-2006,27,2004,1977,0
Indiana,18,83,1985824,25-29,2002-2006,27,2004,1977,0
Iowa,19,38,851934,25-29,2002-2006,27,2004,1977,0
Kansas,20,41,830322,25-29,2002-2006,27,2004,1977,0
Kentucky,21,166,1348206,25-29,2002-2006,27,2004,1977,0
Louisiana,22,100,1483190,25-29,2002-2006,27,2004,1977,0
Maine,23,66,344159,25-29,2002-2006,27,2004,1977,0
Maryland,24,213,1746349,25-29,2002-2006,27,2004,1977,0
Massachusetts,25,277,2072511,25-29,2002-2006,27,2004,1977,0
Michigan,26,192,2994880,25-29,2002-2006,27,2004,1977,0
Minnesota,27,68,1621103,25-29,2002-2006,27,2004,1977,0
Mississippi,28,22,925962,25-29,2002-2006,27,2004,1977,0
Missouri,29,137,1794743,25-29,2002-2006,27,2004,1977,0
Montana,30,14,252608,25-29,2002-2006,27,2004,1977,0
Nebraska,31,11,540635,25-29,2002-2006,27,2004,1977,0
Nevada,32,113,846544,25-29,2002-2006,27,2004,1977,0
New Hampshire,33,49,334360,25-29,2002-2006,27,2004,1977,0
New Jersey,34,217,2648442,25-29,2002-2006,27,2004,1977,0
New Mexico,35,79,607763,25-29,2002-2006,27,2004,1977,0
New York,36,213,6474834,25-29,2002-2006,27,2004,1977,0
North Carolina,37,285,2841339,25-29,2002-2006,27,2004,1977,0
North Dakota,38,10,180590,25-29,2002-2006,27,2004,1977,-1
Ohio,39,260,3560391,25-29,2002-2006,27,2004,1977,0
Oklahoma,40,109,1129451,25-29,2002-2006,27,2004,1977,0
Oregon,41,120,1184299,25-29,2002-2006,27,2004,1977,0
Pennsylvania,42,254,3594393,25-29,2002-2006,27,2004,1977,0
Rhode Island,44,44,327438,25-29,2002-2006,27,2004,1977,0
South Carolina,45,63,1376341,25-29,2002-2006,27,2004,1977,0
South Dakota,46,10,228689,25-29,2002-2006,27,2004,1977,-1
Tennessee,47,207,1963372,25-29,2002-2006,27,2004,1977,0
Texas,48,422,8103235,25-29,2002-2006,27,2004,1977,0
Utah,49,161,980124,25-29,2002-2006,27,2004,1977,0
Vermont,50,25,156861,25-29,2002-2006,27,2004,1977,0
Virginia,51,219,2449062,25-29,2002-2006,27,2004,1977,0
Washington,53,200,2052087,25-29,2002-2006,27,2004,1977,0
West Virginia,54,123,539405,25-29,2002-2006,27,2004,1977,0
Wisconsin,55,111,1635117,25-29,2002-2006,27,2004,1977,0
Wyoming,56,10,154014,25-29,2002-2006,27,2004,1977,-1
Alabama,1,36,1488797,30-34,2002-2006,32,2004,1972,0
Alaska,2,10,222041,30-34,2002-2006,32,2004,1972,-1
Arizona,4,173,1951688,30-34,2002-2006,32,2004,1972,0
Arkansas,5,65,877676,30-34,2002-2006,32,2004,1972,0
California,6,600,13150925,30-34,2002-2006,32,2004,1972,0
Colorado,8,122,1725547,30-34,2002-2006,32,2004,1972,0
Connecticut,9,106,1124731,30-34,2002-2006,32,2004,1972,0
Delaware,10,18,267471,30-34,2002-2006,32,2004,1972,0
District of Columbia,11,10,249370,30-34,2002-2006,32,2004,1972,-1
Florida,12,571,5551946,30-34,2002-2006,32,2004,1972,0
Georgia,13,143,3352879,30-34,2002-2006,32,2004,1972,0
Hawaii,15,17,423223,30-34,2002-2006,32,2004,1972,0
Idaho,16,22,448405,30-34,2002-2006,32,2004,1972,0
Illinois,17,386,4457622,30-34,2002-2006,32,2004,1972,0
Indiana,18,76,2073175,30-34,2002-2006,32,2004,1972,0
Iowa,19,35,904956,30-34,2002-2006,32,2004,1972,0
Kansas,20,42,875985,30-34,2002-2006,32,2004,1972,0
Kentucky,21,170,1416307,30-34,2002-2006,32,2004,1972,0
Louisiana,22,105,1437975,30-34,2002-2006,32,2004,1972,0
Maine,23,58,394076,30-34,2002-2006,32,2004,1972,0
Maryland,24,269,1882838,30-34,2002-2006,32,2004,1972,0
Massachusetts,25,335,2192380,30-34,2002-2006,32,2004,1972,0
Michigan,26,189,3319269,30-34,2002-2006,32,2004,1972,0
Minnesota,27,72,1680582,30-34,2002-2006,32,2004,1972,0
Mississippi,28,25,939852,30-34,2002-2006,32,2004,1972,0
Missouri,29,158,1848678,30-34,2002-2006,32,2004,1972,0
Montana,30,23,266794,30-34,2002-2006,32,2004,1972,0
Nebraska,31,16,565199,30-34,2002-2006,32,2004,1972,0
Nevada,32,130,871011,30-34,2002-2006,32,2004,1972,0
New Hampshire,33,45,412707,30-34,2002-2006,32,2004,1972,0
New Jersey,34,258,2964875,30-34,2002-2006,32,2004,1972,0
New Mexico,35,126,585618,30-34,2002-2006,32,2004,1972,0
New York,36,286,6630388,30-34,2002-2006,32,2004,1972,0
North Carolina,37,341,3127708,30-34,2002-2006,32,2004,1972,0
North Dakota,38,10,189364,30-34,2002-2006,32,2004,1972,-1
Ohio,39,272,3656063,30-34,2002-2006,32,2004,1972,0
Oklahoma,40,128,1134119,30-34,2002-2006,32,2004,1972,0
Oregon,41,140,1225251,30-34,2002-2006,32,2004,1972,0
Pennsylvania,42,230,3790671,30-34,2002-2006,32,2004,1972,0
Rhode Island,44,46,340648,30-34,2002-2006,32,2004,1972,0
South Carolina,45,76,1407494,30-34,2002-2006,32,2004,1972,0
South Dakota,46,14,225469,30-34,2002-2006,32,2004,1972,0
Tennessee,47,194,2040043,30-34,2002-2006,32,2004,1972,0
Texas,48,395,8273962,30-34,2002-2006,32,2004,1972,0
Utah,49,191,861576,30-34,2002-2006,32,2004,1972,0
Vermont,50,23,186814,30-34,2002-2006,32,2004,1972,0
Virginia,51,222,2642971,30-34,2002-2006,32,2004,1972,0
Washington,53,234,2149258,30-34,2002-2006,32,2004,1972,0
West Virginia,54,153,571074,30-34,2002-2006,32,2004,1972,0
Wisconsin,55,122,1768001,30-34,2002-2006,32,2004,1972,0
Wyoming,56,10,153650,30-34,2002-2006,32,2004,1972,-1
Alabama,1,48,1550951,35-39,2002-2006,37,2004,1967,0
Alaska,2,10,239352,35-39,2002-2006,37,2004,1967,-1
Arizona,4,251,1950728,35-39,2002-2006,37,2004,1967,0
Arkansas,5,79,915778,35-39,2002-2006,37,2004,1967,0
California,6,829,13508293,35-39,2002-2006,37,2004,1967,0
Colorado,8,171,1709523,35-39,2002-2006,37,2004,1967,0
Connecticut,9,143,1324519,35-39,2002-2006,37,2004,1967,0
Delaware,10,39,303021,35-39,2002-2006,37,2004,1967,0
District of Columbia,11,30,217107,35-39,2002-2006,37,2004,1967,0
Florida,12,686,6087634,35-39,2002-2006,37,2004,1967,0
Georgia,13,162,3432741,35-39,2002-2006,37,2004,1967,0
Hawaii,15,34,442916,35-39,2002-2006,37,2004,1967,0
Idaho,16,36,451977,35-39,2002-2006,37,2004,1967,0
Illinois,17,420,4558413,35-39,2002-2006,37,2004,1967,0
Indiana,18,80,2174246,35-39,2002-2006,37,2004,1967,0
Iowa,19,30,953405,35-39,2002-2006,37,2004,1967,0
Kansas,20,84,896515,35-39,2002-2006,37,2004,1967,0
Kentucky,21,190,1480573,35-39,2002-2006,37,2004,1967,0
Louisiana,22,80,1522806,35-39,2002-2006,37,2004,1967,0
Maine,23,78,466683,35-39,2002-2006,37,2004,1967,0
Maryland,24,423,2145464,35-39,2002-2006,37,2004,1967,0
Massachusetts,25,411,2452026,35-39,2002-2006,37,2004,1967,0
Michigan,26,245,3556377,35-39,2002-2006,37,2004,1967,0
Minnesota,27,93,1827883,35-39,2002-2006,37,2004,1967,0
Mississippi,28,29,959944,35-39,2002-2006,37,2004,1967,0
Missouri,29,196,1955001,35-39,2002-2006,37,2004,1967,0
Montana,30,25,280954,35-39,2002-2006,37,2004,1967,0
Nebraska,31,19,569088,35-39,2002-2006,37,2004,1967,0
Nevada,32,188,892139,35-39,2002-2006,37,2004,1967,0
New Hampshire,33,72,491584,35-39,2002-2006,37,2004,1967,0
New Jersey,34,344,3357904,35-39,2002-2006,37,2004,1967,0
New Mexico,35,144,619377,35-39,2002-2006,37,2004,1967,0
New York,36,471,7193466,35-39,2002-2006,37,2004,1967,0
North Carolina,37,398,3189485,35-39,2002-2006,37,2004,1967,0
North Dakota,38,10,193660,35-39,2002-2006,37,2004,1967,-1
Ohio,39,323,3966084,35-39,2002-2006,37,2004,1967,0
Oklahoma,40,165,1139343,35-39,2002-2006,37,2004,1967,0
Oregon,41,165,1217699,35-39,2002-2006,37,2004,1967,0
Pennsylvania,42,302,4289602,35-39,2002-2006,37,2004,1967,0
Rhode Island,44,75,390273,35-39,2002-2006,37,2004,1967,0
South Carolina,45,85,1478203,35-39,2002-2006,37,2004,1967,0
South Dakota,46,12,239553,35-39,2002-2006,37,2004,1967,0
Tennessee,47,260,2127117,35-39,2002-2006,37,2004,1967,0
Texas,48,526,8153158,35-39,2002-2006,37,2004,1967,0
Utah,49,184,738064,35-39,2002-2006,37,2004,1967,0
Vermont,50,24,214731,35-39,2002-2006,37,2004,1967,0
Virginia,51,300,2845756,35-39,2002-2006,37,2004,1967,0
Washington,53,336,2260474,35-39,2002-2006,37,2004,1967,0
West Virginia,54,127,594864,35-39,2002-2006,37,2004,1967,0
Wisconsin,55,157,1947682,35-39,2002-2006,37,2004,1967,0
Wyoming,56,10,155776,35-39,2002-2006,37,2004,1967,0
Alabama,1,71,1703809,40-44,2002-2006,42,2004,1962,0
Alaska,2,10,274719,40-44,2002-2006,42,2004,1962,0
Arizona,4,305,2040109,40-44,2002-2006,42,2004,1962,0
Arkansas,5,113,1002366,40-44,2002-2006,42,2004,1962,0
California,6,1235,13809395,40-44,2002-2006,42,2004,1962,0
Colorado,8,215,1853935,40-44,2002-2006,42,2004,1962,0
Connecticut,9,195,1468555,40-44,2002-2006,42,2004,1962,0
Delaware,10,33,326301,40-44,2002-2006,42,2004,1962,0
District of Columbia,11,39,202902,40-44,2002-2006,42,2004,1962,0
Florida,12,936,6687234,40-44,2002-2006,42,2004,1962,0
Georgia,13,270,3506108,40-44,2002-2006,42,2004,1962,0
Hawaii,15,51,472883,40-44,2002-2006,42,2004,1962,0
Idaho,16,53,496685,40-44,2002-2006,42,2004,1962,0
Illinois,17,574,4867964,40-44,2002-2006,42,2004,1962,0
Indiana,18,125,2389484,40-44,2002-2006,42,2004,1962,0
Iowa,19,60,1098967,40-44,2002-2006,42,2004,1962,0
Kansas,20,102,1028556,40-44,2002-2006,42,2004,1962,0
Kentucky,21,204,1601084,40-44,2002-2006,42,2004,1962,0
Louisiana,22,128,1684266,40-44,2002-2006,42,2004,1962,0
Maine,23,73,540592,40-44,2002-2006,42,2004,1962,0
Maryland,24,556,2330131,40-44,2002-2006,42,2004,1962,0
Massachusetts,25,520,2620889,40-44,2002-2006,42,2004,1962,0
Michigan,26,338,3904475,40-44,2002-2006,42,2004,1962,0
Minnesota,27,120,2069688,40-44,2002-2006,42,2004,1962,0
Mississippi,28,38,1054218,40-44,2002-2006,42,2004,1962,0
Missouri,29,258,2223069,40-44,2002-2006,42,2004,1962,0
Montana,30,38,350851,40-44,2002-2006,42,2004,1962,0
Nebraska,31,25,650035,40-44,2002-2006,42,2004,1962,0
Nevada,32,273,904943,40-44,2002-2006,42,2004,1962,0
New Hampshire,33,92,568721,40-44,2002-2006,42,2004,1962,0
New Jersey,34,385,3615899,40-44,2002-2006,42,2004,1962,0
New Mexico,35,221,708076,40-44,2002-2006,42,2004,1962,0
New York,36,595,7573493,40-44,2002-2006,42,2004,1962,0
North Carolina,37,470,3327878,40-44,2002-2006,42,2004,1962,0
North Dakota,38,10,234158,40-44,2002-2006,42,2004,1962,-1
Ohio,39,445,4410547,40-44,2002-2006,42,2004,1962,0
Oklahoma,40,284,1297663,40-44,2002-2006,42,2004,1962,0
Oregon,41,255,1314452,40-44,2002-2006,42,2004,1962,0
Pennsylvania,42,401,4820499,40-44,2002-2006,42,2004,1962,0
Rhode Island,44,108,425148,40-44,2002-2006,42,2004,1962,0
South Carolina,45,132,1590674,40-44,2002-2006,42,2004,1962,0
South Dakota,46,17,285036,40-44,2002-2006,42,2004,1962,0
Tennessee,47,305,2276587,40-44,2002-2006,42,2004,1962,0
Texas,48,779,8544320,40-44,2002-2006,42,2004,1962,0
Utah,49,206,756374,40-44,2002-2006,42,2004,1962,0
Vermont,50,46,253401,40-44,2002-2006,42,2004,1962,0
Virginia,51,359,3044488,40-44,2002-2006,42,2004,1962,0
Washington,53,502,2443627,40-44,2002-2006,42,2004,1962,0
West Virginia,54,199,663174,40-44,2002-2006,42,2004,1962,0
Wisconsin,55,229,2205965,40-44,2002-2006,42,2004,1962,0
Wyoming,56,13,190164,40-44,2002-2006,42,2004,1962,0
Alabama,1,71,1701996,45-49,2002-2006,47,2004,1957,0
Alaska,2,21,286605,45-49,2002-2006,47,2004,1957,0
Arizona,4,382,1921403,45-49,2002-2006,47,2004,1957,0
Arkansas,5,77,982955,45-49,2002-2006,47,2004,1957,0
California,6,1544,12904232,45-49,2002-2006,47,2004,1957,0
Colorado,8,228,1823241,45-49,2002-2006,47,2004,1957,0
Connecticut,9,135,1414473,45-49,2002-2006,47,2004,1957,0
Delaware,10,45,314536,45-49,2002-2006,47,2004,1957,0
District of Columbia,11,65,193170,45-49,2002-2006,47,2004,1957,0
Florida,12,988,6355773,45-49,2002-2006,47,2004,1957,0
Georgia,13,231,3242091,45-49,2002-2006,47,2004,1957,0
Hawaii,15,68,477463,45-49,2002-2006,47,2004,1957,0
Idaho,16,53,500758,45-49,2002-2006,47,2004,1957,0
Illinois,17,526,4711920,45-49,2002-2006,47,2004,1957,0
Indiana,18,116,2357010,45-49,2002-2006,47,2004,1957,0
Iowa,19,62,1113128,45-49,2002-2006,47,2004,1957,0
Kansas,20,107,1033800,45-49,2002-2006,47,2004,1957,0
Kentucky,21,186,1584171,45-49,2002-2006,47,2004,1957,0
Louisiana,22,109,1682657,45-49,2002-2006,47,2004,1957,0
Maine,23,62,548395,45-49,2002-2006,47,2004,1957,0
Maryland,24,494,2207998,45-49,2002-2006,47,2004,1957,0
Massachusetts,25,527,2495710,45-49,2002-2006,47,2004,1957,0
Michigan,26,432,3924091,45-49,2002-2006,47,2004,1957,0
Minnesota,27,132,1999302,45-49,2002-2006,47,2004,1957,0
Mississippi,28,19,1044326,45-49,2002-2006,47,2004,1957,0
Missouri,29,267,2179873,45-49,2002-2006,47,2004,1957,0
Montana,30,43,381124,45-49,2002-2006,47,2004,1957,0
Nebraska,31,19,653639,45-49,2002-2006,47,2004,1957,0
Nevada,32,304,846612,45-49,2002-2006,47,2004,1957,0
New Hampshire,33,88,552004,45-49,2002-2006,47,2004,1957,0
New Jersey,34,346,3399429,45-49,2002-2006,47,2004,1957,0
New Mexico,35,192,706467,45-49,2002-2006,47,2004,1957,0
New York,36,647,7182697,45-49,2002-2006,47,2004,1957,0
North Carolina,37,466,3181699,45-49,2002-2006,47,2004,1957,0
North Dakota,38,11,248071,45-49,2002-2006,47,2004,1957,0
Ohio,39,512,4467135,45-49,2002-2006,47,2004,1957,0
Oklahoma,40,279,1295587,45-49,2002-2006,47,2004,1957,0
Oregon,41,313,1374045,45-49,2002-2006,47,2004,1957,0
Pennsylvania,42,367,4885567,45-49,2002-2006,47,2004,1957,0
Rhode Island,44,107,413848,45-49,2002-2006,47,2004,1957,0
South Carolina,45,109,1561268,45-49,2002-2006,47,2004,1957,0
South Dakota,46,13,289148,45-49,2002-2006,47,2004,1957,0
Tennessee,47,312,2230986,45-49,2002-2006,47,2004,1957,0
Texas,48,755,8053699,45-49,2002-2006,47,2004,1957,0
Utah,49,218,734417,45-49,2002-2006,47,2004,1957,0
Vermont,50,30,261726,45-49,2002-2006,47,2004,1957,0
Virginia,51,280,2922473,45-49,2002-2006,47,2004,1957,0
Washington,53,587,2440779,45-49,2002-2006,47,2004,1957,0
West Virginia,54,181,711078,45-49,2002-2006,47,2004,1957,0
Wisconsin,55,223,2164649,45-49,2002-2006,47,2004,1957,0
Wyoming,56,10,213459,45-49,2002-2006,47,2004,1957,-1
Alabama,1,48,1546781,50-54,2002-2006,52,2004,1952,0
Alaska,2,10,251552,50-54,2002-2006,52,2004,1952,-1
Arizona,4,248,1731213,50-54,2002-2006,52,2004,1952,0
Arkansas,5,51,904386,50-54,2002-2006,52,2004,1952,0
California,6,1272,11219847,50-54,2002-2006,52,2004,1952,0
Colorado,8,181,1621478,50-54,2002-2006,52,2004,1952,0
Connecticut,9,83,1222050,50-54,2002-2006,52,2004,1952,0
Delaware,10,21,275474,50-54,2002-2006,52,2004,1952,0
District of Columbia,11,63,184926,50-54,2002-2006,52,2004,1952,0
Florida,12,700,5682056,50-54,2002-2006,52,2004,1952,0
Georgia,13,151,2831357,50-54,2002-2006,52,2004,1952,0
Hawaii,15,51,457379,50-54,2002-2006,52,2004,1952,0
Idaho,16,30,460708,50-54,2002-2006,52,2004,1952,0
Illinois,17,354,4146994,50-54,2002-2006,52,2004,1952,0
Indiana,18,53,2104872,50-54,2002-2006,52,2004,1952,0
Iowa,19,37,1020604,50-54,2002-2006,52,2004,1952,0
Kansas,20,60,918650,50-54,2002-2006,52,2004,1952,0
Kentucky,21,118,1438771,50-54,2002-2006,52,2004,1952,0
Louisiana,22,62,1506947,50-54,2002-2006,52,2004,1952,0
Maine,23,47,507678,50-54,2002-2006,52,2004,1952,0
Maryland,24,307,1942088,50-54,2002-2006,52,2004,1952,0
Massachusetts,25,265,2205062,50-54,2002-2006,52,2004,1952,0
Michigan,26,278,3499024,50-54,2002-2006,52,2004,1952,0
Minnesota,27,103,1747892,50-54,2002-2006,52,2004,1952,0
Mississippi,28,15,935699,50-54,2002-2006,52,2004,1952,0
Missouri,29,147,1932805,50-54,2002-2006,52,2004,1952,0
Montana,30,20,361453,50-54,2002-2006,52,2004,1952,0
Nebraska,31,24,591396,50-54,2002-2006,52,2004,1952,0
Nevada,32,247,769359,50-54,2002-2006,52,2004,1952,0
New Hampshire,33,35,480931,50-54,2002-2006,52,2004,1952,0
New Jersey,34,196,2924047,50-54,2002-2006,52,2004,1952,0
New Mexico,35,126,652944,50-54,2002-2006,52,2004,1952,0
New York,36,472,6433693,50-54,2002-2006,52,2004,1952,0
North Carolina,37,281,2874291,50-54,2002-2006,52,2004,1952,0
North Dakota,38,10,224712,50-54,2002-2006,52,2004,1952,-1
Ohio,39,298,4006043,50-54,2002-2006,52,2004,1952,0
Oklahoma,40,172,1167496,50-54,2002-2006,52,2004,1952,0
Oregon,41,236,1336071,50-54,2002-2006,52,2004,1952,0
Pennsylvania,42,211,4390955,50-54,2002-2006,52,2004,1952,0
Rhode Island,44,59,363708,50-54,2002-2006,52,2004,1952,0
South Carolina,45,78,1442425,50-54,2002-2006,52,2004,1952,0
South Dakota,46,11,261945,50-54,2002-2006,52,2004,1952,0
Tennessee,47,205,2039190,50-54,2002-2006,52,2004,1952,0
Texas,48,531,6925445,50-54,2002-2006,52,2004,1952,0
Utah,49,150,637139,50-54,2002-2006,52,2004,1952,0
Vermont,50,29,243998,50-54,2002-2006,52,2004,1952,0
Virginia,51,192,2591377,50-54,2002-2006,52,2004,1952,0
Washington,53,414,2217922,50-54,2002-2006,52,2004,1952,0
West Virginia,54,97,696324,50-54,2002-2006,52,2004,1952,0
Wisconsin,55,127,1925457,50-54,2002-2006,52,2004,1952,0
Wyoming,56,10,196844,50-54,2002-2006,52,2004,1952,-1
Alabama,1,21,1359403,55-59,2002-2006,57,2004,1947,0
Alaska,2,10,186344,55-59,2002-2006,57,2004,1947,-1
Arizona,4,140,1548666,55-59,2002-2006,57,2004,1947,0
Arkansas,5,25,819098,55-59,2002-2006,57,2004,1947,0
California,6,711,9284888,55-59,2002-2006,57,2004,1947,0
Colorado,8,82,1300914,55-59,2002-2006,57,2004,1947,0
Connecticut,9,24,1063137,55-59,2002-2006,57,2004,1947,0
Delaware,10,10,246660,55-59,2002-2006,57,2004,1947,-1
District of Columbia,11,23,161088,55-59,2002-2006,57,2004,1947,0
Florida,12,312,5201629,55-59,2002-2006,57,2004,1947,0
Georgia,13,57,2405936,55-59,2002-2006,57,2004,1947,0
Hawaii,15,28,394075,55-59,2002-2006,57,2004,1947,0
Idaho,16,15,385411,55-59,2002-2006,57,2004,1947,0
Illinois,17,142,3449147,55-59,2002-2006,57,2004,1947,0
Indiana,18,32,1771477,55-59,2002-2006,57,2004,1947,0
Iowa,19,15,842621,55-59,2002-2006,57,2004,1947,0
Kansas,20,18,751954,55-59,2002-2006,57,2004,1947,0
Kentucky,21,43,1244856,55-59,2002-2006,57,2004,1947,0
Louisiana,22,30,1260785,55-59,2002-2006,57,2004,1947,0
Maine,23,23,436785,55-59,2002-2006,57,2004,1947,0
Maryland,24,115,1656173,55-59,2002-2006,57,2004,1947,0
Massachusetts,25,97,1898202,55-59,2002-2006,57,2004,1947,0
Michigan,26,116,2925999,55-59,2002-2006,57,2004,1947,0
Minnesota,27,42,1405863,55-59,2002-2006,57,2004,1947,0
Mississippi,28,10,806676,55-59,2002-2006,57,2004,1947,-1
Missouri,29,58,1662634,55-59,2002-2006,57,2004,1947,0
Montana,30,10,298286,55-59,2002-2006,57,2004,1947,-1
Nebraska,31,10,479324,55-59,2002-2006,57,2004,1947,-1
Nevada,32,99,704622,55-59,2002-2006,57,2004,1947,0
New Hampshire,33,20,406521,55-59,2002-2006,57,2004,1947,0
New Jersey,34,82,2524880,55-59,2002-2006,57,2004,1947,0
New Mexico,35,81,559635,55-59,2002-2006,57,2004,1947,0
New York,36,214,5558647,55-59,2002-2006,57,2004,1947,0
North Carolina,37,126,2536136,55-59,2002-2006,57,2004,1947,0
North Dakota,38,10,177022,55-59,2002-2006,57,2004,1947,-1
Ohio,39,140,3367791,55-59,2002-2006,57,2004,1947,0
Oklahoma,40,78,1022068,55-59,2002-2006,57,2004,1947,0
Oregon,41,103,1127621,55-59,2002-2006,57,2004,1947,0
Pennsylvania,42,64,3744581,55-59,2002-2006,57,2004,1947,0
Rhode Island,44,25,311234,55-59,2002-2006,57,2004,1947,0
South Carolina,45,45,1293846,55-59,2002-2006,57,2004,1947,0
South Dakota,46,10,210624,55-59,2002-2006,57,2004,1947,-1
Tennessee,47,96,1798130,55-59,2002-2006,57,2004,1947,0
Texas,48,234,5710371,55-59,2002-2006,57,2004,1947,0
Utah,49,70,510934,55-59,2002-2006,57,2004,1947,0
Vermont,50,10,206326,55-59,2002-2006,57,2004,1947,0
Virginia,51,69,2243279,55-59,2002-2006,57,2004,1947,0
Washington,53,235,1862043,55-59,2002-2006,57,2004,1947,0
West Virginia,54,44,610009,55-59,2002-2006,57,2004,1947,0
Wisconsin,55,59,1571585,55-59,2002-2006,57,2004,1947,0
Wyoming,56,10,158944,55-59,2002-2006,57,2004,1947,-1
Alabama,1,10,1067952,60-64,2002-2006,62,2004,1942,-1
Alaska,2,10,118600,60-64,2002-2006,62,2004,1942,-1
Arizona,4,38,1265598,60-64,2002-2006,62,2004,1942,0
Arkansas,5,11,668390,60-64,2002-2006,62,2004,1942,0
California,6,297,6733880,60-64,2002-2006,62,2004,1942,0
Colorado,8,27,898945,60-64,2002-2006,62,2004,1942,0
Connecticut,9,11,784494,60-64,2002-2006,62,2004,1942,0
Delaware,10,10,196506,60-64,2002-2006,62,2004,1942,-1
District of Columbia,11,10,122383,60-64,2002-2006,62,2004,1942,-1
Florida,12,106,4413355,60-64,2002-2006,62,2004,1942,0
Georgia,13,30,1749702,60-64,2002-2006,62,2004,1942,0
Hawaii,15,13,287196,60-64,2002-2006,62,2004,1942,0
Idaho,16,10,295811,60-64,2002-2006,62,2004,1942,-1
Illinois,17,34,2599064,60-64,2002-2006,62,2004,1942,0
Indiana,18,10,1347007,60-64,2002-2006,62,2004,1942,0
Iowa,19,10,650130,60-64,2002-2006,62,2004,1942,-1
Kansas,20,10,558947,60-64,2002-2006,62,2004,1942,-1
Kentucky,21,14,961182,60-64,2002-2006,62,2004,1942,0
Louisiana,22,10,957401,60-64,2002-2006,62,2004,1942,0
Maine,23,10,325868,60-64,2002-2006,62,2004,1942,-1
Maryland,24,34,1205811,60-64,2002-2006,62,2004,1942,0
Massachusetts,25,25,1383804,60-64,2002-2006,62,2004,1942,0
Michigan,26,48,2195934,60-64,2002-2006,62,2004,1942,0
Minnesota,27,16,1045740,60-64,2002-2006,62,2004,1942,0
Mississippi,28,10,626682,60-64,2002-2006,62,2004,1942,-1
Missouri,29,19,1310002,60-64,2002-2006,62,2004,1942,0
Montana,30,10,227211,60-64,2002-2006,62,2004,1942,-1
Nebraska,31,10,358242,60-64,2002-2006,62,2004,1942,-1
Nevada,32,67,559231,60-64,2002-2006,62,2004,1942,0
New Hampshire,33,10,290150,60-64,2002-2006,62,2004,1942,-1
New Jersey,34,28,1896446,60-64,2002-2006,62,2004,1942,0
New Mexico,35,28,424563,60-64,2002-2006,62,2004,1942,0
New York,36,68,4202125,60-64,2002-2006,62,2004,1942,0
North Carolina,37,47,1940075,60-64,2002-2006,62,2004,1942,0
North Dakota,38,10,134240,60-64,2002-2006,62,2004,1942,-1
Ohio,39,50,2542989,60-64,2002-2006,62,2004,1942,0
Oklahoma,40,26,811453,60-64,2002-2006,62,2004,1942,0
Oregon,41,41,822719,60-64,2002-2006,62,2004,1942,0
Pennsylvania,42,19,2871276,60-64,2002-2006,62,2004,1942,0
Rhode Island,44,10,227676,60-64,2002-2006,62,2004,1942,-1
South Carolina,45,15,1007262,60-64,2002-2006,62,2004,1942,0
South Dakota,46,10,162577,60-64,2002-2006,62,2004,1942,-1
Tennessee,47,32,1395333,60-64,2002-2006,62,2004,1942,0
Texas,48,91,4203241,60-64,2002-2006,62,2004,1942,0
Utah,49,29,383356,60-64,2002-2006,62,2004,1942,0
Vermont,50,10,149549,60-64,2002-2006,62,2004,1942,-1
Virginia,51,33,1650591,60-64,2002-2006,62,2004,1942,0
Washington,53,74,1327364,60-64,2002-2006,62,2004,1942,0
West Virginia,54,11,473287,60-64,2002-2006,62,2004,1942,0
Wisconsin,55,29,1175565,60-64,2002-2006,62,2004,1942,0
Wyoming,56,10,117406,60-64,2002-2006,62,2004,1942,-1
Alabama,1,32,1710772,15-19,2007-2011,17,2009,1992,0
Alaska,2,10,265527,15-19,2007-2011,17,2009,1992,-1
Arizona,4,111,2280200,15-19,2007-2011,17,2009,1992,0
Arkansas,5,32,1010882,15-19,2007-2011,17,2009,1992,0
California,6,228,14029243,15-19,2007-2011,17,2009,1992,0
Colorado,8,52,1698430,15-19,2007-2011,17,2009,1992,0
Connecticut,9,32,1265624,15-19,2007-2011,17,2009,1992,0
Delaware,10,12,321263,15-19,2007-2011,17,2009,1992,0
District of Columbia,11,10,200261,15-19,2007-2011,17,2009,1992,-1
Florida,12,212,6136828,15-19,2007-2011,17,2009,1992,0
Georgia,13,82,3525845,15-19,2007-2011,17,2009,1992,0
Hawaii,15,10,429836,15-19,2007-2011,17,2009,1992,-1
Idaho,16,11,579392,15-19,2007-2011,17,2009,1992,0
Illinois,17,128,4619019,15-19,2007-2011,17,2009,1992,0
Indiana,18,49,2377210,15-19,2007-2011,17,2009,1992,0
Iowa,19,23,1093761,15-19,2007-2011,17,2009,1992,0
Kansas,20,20,1027396,15-19,2007-2011,17,2009,1992,0
Kentucky,21,39,1477757,15-19,2007-2011,17,2009,1992,0
Louisiana,22,23,1632388,15-19,2007-2011,17,2009,1992,0
Maine,23,10,450429,15-19,2007-2011,17,2009,1992,-1
Maryland,24,73,2041081,15-19,2007-2011,17,2009,1992,0
Massachusetts,25,43,2328142,15-19,2007-2011,17,2009,1992,0
Michigan,26,83,3734830,15-19,2007-2011,17,2009,1992,0
Minnesota,27,39,1866104,15-19,2007-2011,17,2009,1992,0
Mississippi,28,10,1125132,15-19,2007-2011,17,2009,1992,-1
Missouri,29,91,2128342,15-19,2007-2011,17,2009,1992,0
Montana,30,10,341045,15-19,2007-2011,17,2009,1992,-1
Nebraska,31,10,652811,15-19,2007-2011,17,2009,1992,-1
Nevada,32,68,895814,15-19,2007-2011,17,2009,1992,0
New Hampshire,33,15,476390,15-19,2007-2011,17,2009,1992,0
New Jersey,34,44,2997607,15-19,2007-2011,17,2009,1992,0
New Mexico,35,48,748549,15-19,2007-2011,17,2009,1992,0
New York,36,138,6849692,15-19,2007-2011,17,2009,1992,0
North Carolina,37,143,3280252,15-19,2007-2011,17,2009,1992,0
North Dakota,38,10,241811,15-19,2007-2011,17,2009,1992,-1
Ohio,39,86,4141546,15-19,2007-2011,17,2009,1992,0
Oklahoma,40,84,1321922,15-19,2007-2011,17,2009,1992,0
Oregon,41,41,1279433,15-19,2007-2011,17,2009,1992,0
Pennsylvania,42,106,4552476,15-19,2007-2011,17,2009,1992,0
Rhode Island,44,11,404415,15-19,2007-2011,17,2009,1992,0
South Carolina,45,25,1642582,15-19,2007-2011,17,2009,1992,0
South Dakota,46,10,291943,15-19,2007-2011,17,2009,1992,-1
Tennessee,47,55,2172014,15-19,2007-2011,17,2009,1992,0
Texas,48,262,9303741,15-19,2007-2011,17,2009,1992,0
Utah,49,53,1096360,15-19,2007-2011,17,2009,1992,0
Vermont,50,10,235114,15-19,2007-2011,17,2009,1992,-1
Virginia,51,54,2752636,15-19,2007-2011,17,2009,1992,0
Washington,53,79,2303807,15-19,2007-2011,17,2009,1992,0
West Virginia,54,31,601235,15-19,2007-2011,17,2009,1992,0
Wisconsin,55,73,2025151,15-19,2007-2011,17,2009,1992,0
Wyoming,56,10,191852,15-19,2007-2011,17,2009,1992,-1
Alabama,1,91,1670887,20-24,2007-2011,22,2009,1987,0
Alaska,2,30,271503,20-24,2007-2011,22,2009,1987,0
Arizona,4,249,2208796,20-24,2007-2011,22,2009,1987,0
Arkansas,5,106,994340,20-24,2007-2011,22,2009,1987,0
California,6,650,13698523,20-24,2007-2011,22,2009,1987,0
Colorado,8,161,1739529,20-24,2007-2011,22,2009,1987,0
Connecticut,9,133,1117865,20-24,2007-2011,22,2009,1987,0
Delaware,10,38,310774,20-24,2007-2011,22,2009,1987,0
District of Columbia,11,10,303774,20-24,2007-2011,22,2009,1987,-1
Florida,12,631,6133804,20-24,2007-2011,22,2009,1987,0
Georgia,13,229,3384128,20-24,2007-2011,22,2009,1987,0
Hawaii,15,15,478031,20-24,2007-2011,22,2009,1987,0
Idaho,16,27,544235,20-24,2007-2011,22,2009,1987,0
Illinois,17,483,4398742,20-24,2007-2011,22,2009,1987,0
Indiana,18,163,2256759,20-24,2007-2011,22,2009,1987,0
Iowa,19,59,1074750,20-24,2007-2011,22,2009,1987,0
Kansas,20,45,1030721,20-24,2007-2011,22,2009,1987,0
Kentucky,21,169,1457481,20-24,2007-2011,22,2009,1987,0
Louisiana,22,66,1687471,20-24,2007-2011,22,2009,1987,0
Maine,23,50,399509,20-24,2007-2011,22,2009,1987,0
Maryland,24,234,1938465,20-24,2007-2011,22,2009,1987,0
Massachusetts,25,253,2330990,20-24,2007-2011,22,2009,1987,0
Michigan,26,290,3367234,20-24,2007-2011,22,2009,1987,0
Minnesota,27,99,1792825,20-24,2007-2011,22,2009,1987,0
Mississippi,28,31,1062927,20-24,2007-2011,22,2009,1987,0
Missouri,29,264,2068397,20-24,2007-2011,22,2009,1987,0
Montana,30,27,341913,20-24,2007-2011,22,2009,1987,0
Nebraska,31,16,651329,20-24,2007-2011,22,2009,1987,0
Nevada,32,176,887339,20-24,2007-2011,22,2009,1987,0
New Hampshire,33,58,420521,20-24,2007-2011,22,2009,1987,0
New Jersey,34,189,2662975,20-24,2007-2011,22,2009,1987,0
New Mexico,35,114,714671,20-24,2007-2011,22,2009,1987,0
New York,36,478,6939634,20-24,2007-2011,22,2009,1987,0
North Carolina,37,350,3252166,20-24,2007-2011,22,2009,1987,0
North Dakota,38,10,298915,20-24,2007-2011,22,2009,1987,-1
Ohio,39,361,3803451,20-24,2007-2011,22,2009,1987,0
Oklahoma,40,189,1356992,20-24,2007-2011,22,2009,1987,0
Oregon,41,122,1270249,20-24,2007-2011,22,2009,1987,0
Pennsylvania,42,370,4299285,20-24,2007-2011,22,2009,1987,0
Rhode Island,44,28,406994,20-24,2007-2011,22,2009,1987,0
South Carolina,45,98,1636644,20-24,2007-2011,22,2009,1987,0
South Dakota,46,12,289802,20-24,2007-2011,22,2009,1987,0
Tennessee,47,212,2116699,20-24,2007-2011,22,2009,1987,0
Texas,48,596,9033172,20-24,2007-2011,22,2009,1987,0
Utah,49,211,1150759,20-24,2007-2011,22,2009,1987,0
Vermont,50,19,219528,20-24,2007-2011,22,2009,1987,0
Virginia,51,235,2852662,20-24,2007-2011,22,2009,1987,0
Washington,53,211,2314022,20-24,2007-2011,22,2009,1987,0
West Virginia,54,140,587992,20-24,2007-2011,22,2009,1987,0
Wisconsin,55,170,1947706,20-24,2007-2011,22,2009,1987,0
Wyoming,56,12,204684,20-24,2007-2011,22,2009,1987,0
Alabama,1,133,1552348,25-29,2007-2011,27,2009,1982,0
Alaska,2,38,265274,25-29,2007-2011,27,2009,1982,0
Arizona,4,275,2233745,25-29,2007-2011,27,2009,1982,0
Arkansas,5,115,970535,25-29,2007-2011,27,2009,1982,0
California,6,706,13685308,25-29,2007-2011,27,2009,1982,0
Colorado,8,200,1828242,25-29,2007-2011,27,2009,1982,0
Connecticut,9,133,1047534,25-29,2007-2011,27,2009,1982,0
Delaware,10,56,289450,25-29,2007-2011,27,2009,1982,0
District of Columbia,11,10,329454,25-29,2007-2011,27,2009,1982,-1
Florida,12,933,5886603,25-29,2007-2011,27,2009,1982,0
Georgia,13,251,3390073,25-29,2007-2011,27,2009,1982,0
Hawaii,15,20,486227,25-29,2007-2011,27,2009,1982,0
Idaho,16,41,529990,25-29,2007-2011,27,2009,1982,0
Illinois,17,544,4537018,25-29,2007-2011,27,2009,1982,0
Indiana,18,215,2102850,25-29,2007-2011,27,2009,1982,0
Iowa,19,80,968766,25-29,2007-2011,27,2009,1982,0
Kansas,20,54,958965,25-29,2007-2011,27,2009,1982,0
Kentucky,21,282,1431973,25-29,2007-2011,27,2009,1982,0
Louisiana,22,102,1633960,25-29,2007-2011,27,2009,1982,0
Maine,23,66,363391,25-29,2007-2011,27,2009,1982,0
Maryland,24,328,1946833,25-29,2007-2011,27,2009,1982,0
Massachusetts,25,379,2179859,25-29,2007-2011,27,2009,1982,0
Michigan,26,365,2987590,25-29,2007-2011,27,2009,1982,0
Minnesota,27,114,1838420,25-29,2007-2011,27,2009,1982,0
Mississippi,28,45,996477,25-29,2007-2011,27,2009,1982,0
Missouri,29,327,2002424,25-29,2007-2011,27,2009,1982,0
Montana,30,35,311058,25-29,2007-2011,27,2009,1982,0
Nebraska,31,21,622088,25-29,2007-2011,27,2009,1982,0
Nevada,32,190,990632,25-29,2007-2011,27,2009,1982,0
New Hampshire,33,87,362053,25-29,2007-2011,27,2009,1982,0
New Jersey,34,192,2752971,25-29,2007-2011,27,2009,1982,0
New Mexico,35,143,692451,25-29,2007-2011,27,2009,1982,0
New York,36,589,6850814,25-29,2007-2011,27,2009,1982,0
North Carolina,37,475,3083627,25-29,2007-2011,27,2009,1982,0
North Dakota,38,10,235051,25-29,2007-2011,27,2009,1982,-1
Ohio,39,534,3654493,25-29,2007-2011,27,2009,1982,0
Oklahoma,40,235,1303390,25-29,2007-2011,27,2009,1982,0
Oregon,41,174,1312743,25-29,2007-2011,27,2009,1982,0
Pennsylvania,42,446,3899183,25-29,2007-2011,27,2009,1982,0
Rhode Island,44,52,330911,25-29,2007-2011,27,2009,1982,0
South Carolina,45,121,1514451,25-29,2007-2011,27,2009,1982,0
South Dakota,46,14,270624,25-29,2007-2011,27,2009,1982,0
Tennessee,47,274,2104449,25-29,2007-2011,27,2009,1982,0
Texas,48,706,9140534,25-29,2007-2011,27,2009,1982,0
Utah,49,266,1132727,25-29,2007-2011,27,2009,1982,0
Vermont,50,26,173242,25-29,2007-2011,27,2009,1982,0
Virginia,51,316,2769214,25-29,2007-2011,27,2009,1982,0
Washington,53,315,2378000,25-29,2007-2011,27,2009,1982,0
West Virginia,54,242,549067,25-29,2007-2011,27,2009,1982,0
Wisconsin,55,240,1829025,25-29,2007-2011,27,2009,1982,0
Wyoming,56,24,199130,25-29,2007-2011,27,2009,1982,0
Alabama,1,122,1469060,30-34,2007-2011,32,2009,1977,0
Alaska,2,25,230604,30-34,2007-2011,32,2009,1977,0
Arizona,4,290,2062860,30-34,2007-2011,32,2009,1977,0
Arkansas,5,121,900582,30-34,2007-2011,32,2009,1977,0
California,6,732,12732100,30-34,2007-2011,32,2009,1977,0
Colorado,8,179,1744741,30-34,2007-2011,32,2009,1977,0
Connecticut,9,107,1027920,30-34,2007-2011,32,2009,1977,0
Delaware,10,50,264568,30-34,2007-2011,32,2009,1977,0
District of Columbia,11,10,266727,30-34,2007-2011,32,2009,1977,-1
Florida,12,904,5503174,30-34,2007-2011,32,2009,1977,0
Georgia,13,267,3293193,30-34,2007-2011,32,2009,1977,0
Hawaii,15,19,430537,30-34,2007-2011,32,2009,1977,0
Idaho,16,33,499578,30-34,2007-2011,32,2009,1977,0
Illinois,17,541,4297614,30-34,2007-2011,32,2009,1977,0
Indiana,18,183,2022109,30-34,2007-2011,32,2009,1977,0
Iowa,19,75,908397,30-34,2007-2011,32,2009,1977,0
Kansas,20,64,884998,30-34,2007-2011,32,2009,1977,0
Kentucky,21,347,1384692,30-34,2007-2011,32,2009,1977,0
Louisiana,22,86,1418831,30-34,2007-2011,32,2009,1977,0
Maine,23,66,359439,30-34,2007-2011,32,2009,1977,0
Maryland,24,262,1810134,30-34,2007-2011,32,2009,1977,0
Massachusetts,25,395,2007762,30-34,2007-2011,32,2009,1977,0
Michigan,26,371,2892929,30-34,2007-2011,32,2009,1977,0
Minnesota,27,110,1686576,30-34,2007-2011,32,2009,1977,0
Mississippi,28,54,925854,30-34,2007-2011,32,2009,1977,0
Missouri,29,329,1829377,30-34,2007-2011,32,2009,1977,0
Montana,30,32,285948,30-34,2007-2011,32,2009,1977,0
Nebraska,31,21,575278,30-34,2007-2011,32,2009,1977,0
Nevada,32,211,940028,30-34,2007-2011,32,2009,1977,0
New Hampshire,33,59,360286,30-34,2007-2011,32,2009,1977,0
New Jersey,34,146,2769115,30-34,2007-2011,32,2009,1977,0
New Mexico,35,138,620015,30-34,2007-2011,32,2009,1977,0
New York,36,560,6322105,30-34,2007-2011,32,2009,1977,0
North Carolina,37,424,3088318,30-34,2007-2011,32,2009,1977,0
North Dakota,38,14,199480,30-34,2007-2011,32,2009,1977,0
Ohio,39,567,3418379,30-34,2007-2011,32,2009,1977,0
Oklahoma,40,274,1175977,30-34,2007-2011,32,2009,1977,0
Oregon,41,187,1271590,30-34,2007-2011,32,2009,1977,0
Pennsylvania,42,362,3603444,30-34,2007-2011,32,2009,1977,0
Rhode Island,44,58,305602,30-34,2007-2011,32,2009,1977,0
South Carolina,45,112,1417068,30-34,2007-2011,32,2009,1977,0
South Dakota,46,23,242668,30-34,2007-2011,32,2009,1977,0
Tennessee,47,324,2008088,30-34,2007-2011,32,2009,1977,0
Texas,48,540,8655744,30-34,2007-2011,32,2009,1977,0
Utah,49,242,1043872,30-34,2007-2011,32,2009,1977,0
Vermont,50,27,170309,30-34,2007-2011,32,2009,1977,0
Virginia,51,285,2596916,30-34,2007-2011,32,2009,1977,0
Washington,53,305,2212532,30-34,2007-2011,32,2009,1977,0
West Virginia,54,277,554973,30-34,2007-2011,32,2009,1977,0
Wisconsin,55,228,1727777,30-34,2007-2011,32,2009,1977,0
Wyoming,56,18,173619,30-34,2007-2011,32,2009,1977,0
Alabama,1,117,1543449,35-39,2007-2011,37,2009,1972,0
Alaska,2,43,228782,35-39,2007-2011,37,2009,1972,0
Arizona,4,257,2083323,35-39,2007-2011,37,2009,1972,0
Arkansas,5,116,917831,35-39,2007-2011,37,2009,1972,0
California,6,820,13035999,35-39,2007-2011,37,2009,1972,0
Colorado,8,184,1771971,35-39,2007-2011,37,2009,1972,0
Connecticut,9,133,1151629,35-39,2007-2011,37,2009,1972,0
Delaware,10,50,281954,35-39,2007-2011,37,2009,1972,0
District of Columbia,11,10,216650,35-39,2007-2011,37,2009,1972,-1
Florida,12,804,5962806,35-39,2007-2011,37,2009,1972,0
Georgia,13,253,3516614,35-39,2007-2011,37,2009,1972,0
Hawaii,15,35,435802,35-39,2007-2011,37,2009,1972,0
Idaho,16,48,483134,35-39,2007-2011,37,2009,1972,0
Illinois,17,533,4340099,35-39,2007-2011,37,2009,1972,0
Indiana,18,178,2103415,35-39,2007-2011,37,2009,1972,0
Iowa,19,89,897047,35-39,2007-2011,37,2009,1972,0
Kansas,20,70,867830,35-39,2007-2011,37,2009,1972,0
Kentucky,21,355,1438407,35-39,2007-2011,37,2009,1972,0
Louisiana,22,80,1389529,35-39,2007-2011,37,2009,1972,0
Maine,23,57,412087,35-39,2007-2011,37,2009,1972,0
Maryland,24,297,1931487,35-39,2007-2011,37,2009,1972,0
Massachusetts,25,369,2148417,35-39,2007-2011,37,2009,1972,0
Michigan,26,376,3163313,35-39,2007-2011,37,2009,1972,0
Minnesota,27,136,1676320,35-39,2007-2011,37,2009,1972,0
Mississippi,28,62,940881,35-39,2007-2011,37,2009,1972,0
Missouri,29,298,1861069,35-39,2007-2011,37,2009,1972,0
Montana,30,41,278517,35-39,2007-2011,37,2009,1972,0
Nebraska,31,37,553535,35-39,2007-2011,37,2009,1972,0
Nevada,32,203,963238,35-39,2007-2011,37,2009,1972,0
New Hampshire,33,48,426208,35-39,2007-2011,37,2009,1972,0
New Jersey,34,200,3008260,35-39,2007-2011,37,2009,1972,0
New Mexico,35,118,615698,35-39,2007-2011,37,2009,1972,0
New York,36,570,6427977,35-39,2007-2011,37,2009,1972,0
North Carolina,37,452,3314876,35-39,2007-2011,37,2009,1972,0
North Dakota,38,10,185203,35-39,2007-2011,37,2009,1972,-1
Ohio,39,523,3667659,35-39,2007-2011,37,2009,1972,0
Oklahoma,40,259,1156477,35-39,2007-2011,37,2009,1972,0
Oregon,41,201,1263998,35-39,2007-2011,37,2009,1972,0
Pennsylvania,42,314,3911596,35-39,2007-2011,37,2009,1972,0
Rhode Island,44,64,331080,35-39,2007-2011,37,2009,1972,0
South Carolina,45,130,1490292,35-39,2007-2011,37,2009,1972,0
South Dakota,46,17,229492,35-39,2007-2011,37,2009,1972,0
Tennessee,47,347,2130914,35-39,2007-2011,37,2009,1972,0
Texas,48,592,8743123,35-39,2007-2011,37,2009,1972,0
Utah,49,207,867540,35-39,2007-2011,37,2009,1972,0
Vermont,50,27,187654,35-39,2007-2011,37,2009,1972,0
Virginia,51,314,2726765,35-39,2007-2011,37,2009,1972,0
Washington,53,340,2268082,35-39,2007-2011,37,2009,1972,0
West Virginia,54,264,586607,35-39,2007-2011,37,2009,1972,0
Wisconsin,55,232,1761529,35-39,2007-2011,37,2009,1972,0
Wyoming,56,26,166936,35-39,2007-2011,37,2009,1972,0
Alabama,1,120,1582543,40-44,2007-2011,42,2009,1967,0
Alaska,2,34,239579,40-44,2007-2011,42,2009,1967,0
Arizona,4,331,2049889,40-44,2007-2011,42,2009,1967,0
Arkansas,5,129,934616,40-44,2007-2011,42,2009,1967,0
California,6,1097,13142786,40-44,2007-2011,42,2009,1967,0
Colorado,8,247,1739206,40-44,2007-2011,42,2009,1967,0
Connecticut,9,170,1340276,40-44,2007-2011,42,2009,1967,0
Delaware,10,60,309671,40-44,2007-2011,42,2009,1967,0
District of Columbia,11,24,190382,40-44,2007-2011,42,2009,1967,0
Florida,12,983,6404307,40-44,2007-2011,42,2009,1967,0
Georgia,13,325,3530889,40-44,2007-2011,42,2009,1967,0
Hawaii,15,38,450052,40-44,2007-2011,42,2009,1967,0
Idaho,16,35,477969,40-44,2007-2011,42,2009,1967,0
Illinois,17,561,4426161,40-44,2007-2011,42,2009,1967,0
Indiana,18,195,2171529,40-44,2007-2011,42,2009,1967,0
Iowa,19,95,960900,40-44,2007-2011,42,2009,1967,0
Kansas,20,90,891159,40-44,2007-2011,42,2009,1967,0
Kentucky,21,361,1488328,40-44,2007-2011,42,2009,1967,0
Louisiana,22,93,1466080,40-44,2007-2011,42,2009,1967,0
Maine,23,69,473088,40-44,2007-2011,42,2009,1967,0
Maryland,24,385,2140527,40-44,2007-2011,42,2009,1967,0
Massachusetts,25,419,2395642,40-44,2007-2011,42,2009,1967,0
Michigan,26,389,3424775,40-44,2007-2011,42,2009,1967,0
Minnesota,27,164,1812374,40-44,2007-2011,42,2009,1967,0
Mississippi,28,61,958271,40-44,2007-2011,42,2009,1967,0
Missouri,29,326,1957227,40-44,2007-2011,42,2009,1967,0
Montana,30,52,296272,40-44,2007-2011,42,2009,1967,0
Nebraska,31,34,564268,40-44,2007-2011,42,2009,1967,0
Nevada,32,290,958789,40-44,2007-2011,42,2009,1967,0
New Hampshire,33,97,501331,40-44,2007-2011,42,2009,1967,0
New Jersey,34,223,3319941,40-44,2007-2011,42,2009,1967,0
New Mexico,35,160,638361,40-44,2007-2011,42,2009,1967,0
New York,36,772,6915710,40-44,2007-2011,42,2009,1967,0
North Carolina,37,582,3355069,40-44,2007-2011,42,2009,1967,0
North Dakota,38,11,196092,40-44,2007-2011,42,2009,1967,0
Ohio,39,643,3899570,40-44,2007-2011,42,2009,1967,0
Oklahoma,40,305,1161440,40-44,2007-2011,42,2009,1967,0
Oregon,41,223,1244498,40-44,2007-2011,42,2009,1967,0
Pennsylvania,42,382,4352960,40-44,2007-2011,42,2009,1967,0
Rhode Island,44,81,374422,40-44,2007-2011,42,2009,1967,0
South Carolina,45,142,1544992,40-44,2007-2011,42,2009,1967,0
South Dakota,46,26,243787,40-44,2007-2011,42,2009,1967,0
Tennessee,47,398,2187526,40-44,2007-2011,42,2009,1967,0
Texas,48,630,8484887,40-44,2007-2011,42,2009,1967,0
Utah,49,214,763268,40-44,2007-2011,42,2009,1967,0
Vermont,50,33,216882,40-44,2007-2011,42,2009,1967,0
Virginia,51,363,2887673,40-44,2007-2011,42,2009,1967,0
Washington,53,419,2310867,40-44,2007-2011,42,2009,1967,0
West Virginia,54,283,611502,40-44,2007-2011,42,2009,1967,0
Wisconsin,55,228,1956514,40-44,2007-2011,42,2009,1967,0
Wyoming,56,24,167139,40-44,2007-2011,42,2009,1967,0
Alabama,1,138,1727424,45-49,2007-2011,47,2009,1962,0
Alaska,2,50,275671,45-49,2007-2011,47,2009,1962,0
Arizona,4,396,2119722,45-49,2007-2011,47,2009,1962,0
Arkansas,5,147,1018401,45-49,2007-2011,47,2009,1962,0
California,6,1544,13394974,45-49,2007-2011,47,2009,1962,0
Colorado,8,256,1860695,45-49,2007-2011,47,2009,1962,0
Connecticut,9,186,1455324,45-49,2007-2011,47,2009,1962,0
Delaware,10,64,335583,45-49,2007-2011,47,2009,1962,0
District of Columbia,11,24,192040,45-49,2007-2011,47,2009,1962,0
Florida,12,1251,6943809,45-49,2007-2011,47,2009,1962,0
Georgia,13,360,3558836,45-49,2007-2011,47,2009,1962,0
Hawaii,15,63,477923,45-49,2007-2011,47,2009,1962,0
Idaho,16,58,518468,45-49,2007-2011,47,2009,1962,0
Illinois,17,633,4723457,45-49,2007-2011,47,2009,1962,0
Indiana,18,224,2372144,45-49,2007-2011,47,2009,1962,0
Iowa,19,128,1091802,45-49,2007-2011,47,2009,1962,0
Kansas,20,108,1015224,45-49,2007-2011,47,2009,1962,0
Kentucky,21,374,1613178,45-49,2007-2011,47,2009,1962,0
Louisiana,22,104,1626424,45-49,2007-2011,47,2009,1962,0
Maine,23,95,541887,45-49,2007-2011,47,2009,1962,0
Maryland,24,499,2295680,45-49,2007-2011,47,2009,1962,0
Massachusetts,25,481,2565985,45-49,2007-2011,47,2009,1962,0
Michigan,26,544,3769859,45-49,2007-2011,47,2009,1962,0
Minnesota,27,183,2042274,45-49,2007-2011,47,2009,1962,0
Mississippi,28,92,1043198,45-49,2007-2011,47,2009,1962,0
Missouri,29,392,2227085,45-49,2007-2011,47,2009,1962,0
Montana,30,58,361940,45-49,2007-2011,47,2009,1962,0
Nebraska,31,42,648151,45-49,2007-2011,47,2009,1962,0
Nevada,32,375,956354,45-49,2007-2011,47,2009,1962,0
New Hampshire,33,103,568347,45-49,2007-2011,47,2009,1962,0
New Jersey,34,236,3513601,45-49,2007-2011,47,2009,1962,0
New Mexico,35,175,723581,45-49,2007-2011,47,2009,1962,0
New York,36,970,7295750,45-49,2007-2011,47,2009,1962,0
North Carolina,37,660,3453741,45-49,2007-2011,47,2009,1962,0
North Dakota,38,14,235056,45-49,2007-2011,47,2009,1962,0
Ohio,39,789,4324149,45-49,2007-2011,47,2009,1962,0
Oklahoma,40,406,1307221,45-49,2007-2011,47,2009,1962,0
Oregon,41,277,1325448,45-49,2007-2011,47,2009,1962,0
Pennsylvania,42,439,4812666,45-49,2007-2011,47,2009,1962,0
Rhode Island,44,104,408622,45-49,2007-2011,47,2009,1962,0
South Carolina,45,212,1648375,45-49,2007-2011,47,2009,1962,0
South Dakota,46,23,288770,45-49,2007-2011,47,2009,1962,0
Tennessee,47,469,2319701,45-49,2007-2011,47,2009,1962,0
Texas,48,749,8719088,45-49,2007-2011,47,2009,1962,0
Utah,49,239,772374,45-49,2007-2011,47,2009,1962,0
Vermont,50,31,252515,45-49,2007-2011,47,2009,1962,0
Virginia,51,391,3073446,45-49,2007-2011,47,2009,1962,0
Washington,53,582,2464325,45-49,2007-2011,47,2009,1962,0
West Virginia,54,319,669730,45-49,2007-2011,47,2009,1962,0
Wisconsin,55,297,2199563,45-49,2007-2011,47,2009,1962,0
Wyoming,56,27,199994,45-49,2007-2011,47,2009,1962,0
Alabama,1,101,1713261,50-54,2007-2011,52,2009,1957,0
Alaska,2,59,280123,50-54,2007-2011,52,2009,1957,0
Arizona,4,452,2034523,50-54,2007-2011,52,2009,1957,0
Arkansas,5,91,996314,50-54,2007-2011,52,2009,1957,0
California,6,1665,12574280,50-54,2007-2011,52,2009,1957,0
Colorado,8,273,1824613,50-54,2007-2011,52,2009,1957,0
Connecticut,9,138,1390678,50-54,2007-2011,52,2009,1957,0
Delaware,10,59,322196,50-54,2007-2011,52,2009,1957,0
District of Columbia,11,47,184433,50-54,2007-2011,52,2009,1957,0
Florida,12,1073,6566008,50-54,2007-2011,52,2009,1957,0
Georgia,13,310,3269292,50-54,2007-2011,52,2009,1957,0
Hawaii,15,66,485729,50-54,2007-2011,52,2009,1957,0
Idaho,16,47,520245,50-54,2007-2011,52,2009,1957,0
Illinois,17,523,4577136,50-54,2007-2011,52,2009,1957,0
Indiana,18,189,2332110,50-54,2007-2011,52,2009,1957,0
Iowa,19,93,1105791,50-54,2007-2011,52,2009,1957,0
Kansas,20,90,1013951,50-54,2007-2011,52,2009,1957,0
Kentucky,21,307,1577914,50-54,2007-2011,52,2009,1957,0
Louisiana,22,100,1620851,50-54,2007-2011,52,2009,1957,0
Maine,23,59,549901,50-54,2007-2011,52,2009,1957,0
Maryland,24,383,2158370,50-54,2007-2011,52,2009,1957,0
Massachusetts,25,426,2436832,50-54,2007-2011,52,2009,1957,0
Michigan,26,495,3790413,50-54,2007-2011,52,2009,1957,0
Minnesota,27,177,1972545,50-54,2007-2011,52,2009,1957,0
Mississippi,28,61,1032080,50-54,2007-2011,52,2009,1957,0
Missouri,29,318,2179432,50-54,2007-2011,52,2009,1957,0
Montana,30,52,391634,50-54,2007-2011,52,2009,1957,0
Nebraska,31,36,642959,50-54,2007-2011,52,2009,1957,0
Nevada,32,349,900409,50-54,2007-2011,52,2009,1957,0
New Hampshire,33,85,550065,50-54,2007-2011,52,2009,1957,0
New Jersey,34,186,3295768,50-54,2007-2011,52,2009,1957,0
New Mexico,35,175,725369,50-54,2007-2011,52,2009,1957,0
New York,36,852,6972177,50-54,2007-2011,52,2009,1957,0
North Carolina,37,521,3287149,50-54,2007-2011,52,2009,1957,0
North Dakota,38,10,248735,50-54,2007-2011,52,2009,1957,0
Ohio,39,682,4379729,50-54,2007-2011,52,2009,1957,0
Oklahoma,40,367,1302414,50-54,2007-2011,52,2009,1957,0
Oregon,41,265,1388121,50-54,2007-2011,52,2009,1957,0
Pennsylvania,42,382,4854875,50-54,2007-2011,52,2009,1957,0
Rhode Island,44,92,399677,50-54,2007-2011,52,2009,1957,0
South Carolina,45,176,1611224,50-54,2007-2011,52,2009,1957,0
South Dakota,46,16,293690,50-54,2007-2011,52,2009,1957,0
Tennessee,47,387,2263729,50-54,2007-2011,52,2009,1957,0
Texas,48,736,8174527,50-54,2007-2011,52,2009,1957,0
Utah,49,227,747473,50-54,2007-2011,52,2009,1957,0
Vermont,50,39,260802,50-54,2007-2011,52,2009,1957,0
Virginia,51,286,2908335,50-54,2007-2011,52,2009,1957,0
Washington,53,517,2454038,50-54,2007-2011,52,2009,1957,0
West Virginia,54,231,713989,50-54,2007-2011,52,2009,1957,0
Wisconsin,55,276,2147774,50-54,2007-2011,52,2009,1957,0
Wyoming,56,25,219135,50-54,2007-2011,52,2009,1957,0
Alabama,1,40,1539284,55-59,2007-2011,57,2009,1952,0
Alaska,2,30,241252,55-59,2007-2011,57,2009,1952,0
Arizona,4,267,1849027,55-59,2007-2011,57,2009,1952,0
Arkansas,5,58,909798,55-59,2007-2011,57,2009,1952,0
California,6,1226,10779712,55-59,2007-2011,57,2009,1952,0
Colorado,8,181,1601147,55-59,2007-2011,57,2009,1952,0
Connecticut,9,58,1175302,55-59,2007-2011,57,2009,1952,0
Delaware,10,33,284429,55-59,2007-2011,57,2009,1952,0
District of Columbia,11,39,171660,55-59,2007-2011,57,2009,1952,0
Florida,12,694,5932605,55-59,2007-2011,57,2009,1952,0
Georgia,13,184,2818324,55-59,2007-2011,57,2009,1952,0
Hawaii,15,43,459536,55-59,2007-2011,57,2009,1952,0
Idaho,16,36,474017,55-59,2007-2011,57,2009,1952,0
Illinois,17,289,3960899,55-59,2007-2011,57,2009,1952,0
Indiana,18,98,2052442,55-59,2007-2011,57,2009,1952,0
Iowa,19,62,998916,55-59,2007-2011,57,2009,1952,0
Kansas,20,47,889580,55-59,2007-2011,57,2009,1952,0
Kentucky,21,146,1419698,55-59,2007-2011,57,2009,1952,0
Louisiana,22,41,1428373,55-59,2007-2011,57,2009,1952,0
Maine,23,27,504844,55-59,2007-2011,57,2009,1952,0
Maryland,24,228,1855602,55-59,2007-2011,57,2009,1952,0
Massachusetts,25,223,2123536,55-59,2007-2011,57,2009,1952,0
Michigan,26,298,3354639,55-59,2007-2011,57,2009,1952,0
Minnesota,27,126,1700563,55-59,2007-2011,57,2009,1952,0
Mississippi,28,35,916779,55-59,2007-2011,57,2009,1952,0
Missouri,29,179,1911580,55-59,2007-2011,57,2009,1952,0
Montana,30,21,370121,55-59,2007-2011,57,2009,1952,0
Nebraska,31,23,575990,55-59,2007-2011,57,2009,1952,0
Nevada,32,257,813324,55-59,2007-2011,57,2009,1952,0
New Hampshire,33,51,472263,55-59,2007-2011,57,2009,1952,0
New Jersey,34,106,2777383,55-59,2007-2011,57,2009,1952,0
New Mexico,35,114,672230,55-59,2007-2011,57,2009,1952,0
New York,36,525,6114814,55-59,2007-2011,57,2009,1952,0
North Carolina,37,274,2956816,55-59,2007-2011,57,2009,1952,0
North Dakota,38,10,221727,55-59,2007-2011,57,2009,1952,0
Ohio,39,405,3868668,55-59,2007-2011,57,2009,1952,0
Oklahoma,40,235,1155877,55-59,2007-2011,57,2009,1952,0
Oregon,41,207,1342173,55-59,2007-2011,57,2009,1952,0
Pennsylvania,42,218,4306709,55-59,2007-2011,57,2009,1952,0
Rhode Island,44,66,345948,55-59,2007-2011,57,2009,1952,0
South Carolina,45,91,1495823,55-59,2007-2011,57,2009,1952,0
South Dakota,46,14,264325,55-59,2007-2011,57,2009,1952,0
Tennessee,47,215,2046084,55-59,2007-2011,57,2009,1952,0
Texas,48,459,6922472,55-59,2007-2011,57,2009,1952,0
Utah,49,126,644447,55-59,2007-2011,57,2009,1952,0
Vermont,50,28,239272,55-59,2007-2011,57,2009,1952,0
Virginia,51,138,2521288,55-59,2007-2011,57,2009,1952,0
Washington,53,407,2214923,55-59,2007-2011,57,2009,1952,0
West Virginia,54,135,691102,55-59,2007-2011,57,2009,1952,0
Wisconsin,55,184,1884555,55-59,2007-2011,57,2009,1952,0
Wyoming,56,18,198418,55-59,2007-2011,57,2009,1952,0
Alabama,1,23,1330275,60-64,2007-2011,62,2009,1947,0
Alaska,2,12,170263,60-64,2007-2011,62,2009,1947,0
Arizona,4,133,1680905,60-64,2007-2011,62,2009,1947,0
Arkansas,5,22,811676,60-64,2007-2011,62,2009,1947,0
California,6,661,8749395,60-64,2007-2011,62,2009,1947,0
Colorado,8,73,1275411,60-64,2007-2011,62,2009,1947,0
Connecticut,9,29,984601,60-64,2007-2011,62,2009,1947,0
Delaware,10,10,256390,60-64,2007-2011,62,2009,1947,-1
District of Columbia,11,10,144341,60-64,2007-2011,62,2009,1947,-1
Florida,12,283,5502962,60-64,2007-2011,62,2009,1947,0
Georgia,13,79,2364426,60-64,2007-2011,62,2009,1947,0
Hawaii,15,29,391540,60-64,2007-2011,62,2009,1947,0
Idaho,16,15,399888,60-64,2007-2011,62,2009,1947,0
Illinois,17,114,3201473,60-64,2007-2011,62,2009,1947,0
Indiana,18,56,1685961,60-64,2007-2011,62,2009,1947,0
Iowa,19,17,809320,60-64,2007-2011,62,2009,1947,0
Kansas,20,25,714766,60-64,2007-2011,62,2009,1947,0
Kentucky,21,61,1206106,60-64,2007-2011,62,2009,1947,0
Louisiana,22,28,1168598,60-64,2007-2011,62,2009,1947,0
Maine,23,16,429890,60-64,2007-2011,62,2009,1947,0
Maryland,24,72,1530463,60-64,2007-2011,62,2009,1947,0
Massachusetts,25,90,1782286,60-64,2007-2011,62,2009,1947,0
Michigan,26,105,2740581,60-64,2007-2011,62,2009,1947,0
Minnesota,27,41,1341551,60-64,2007-2011,62,2009,1947,0
Mississippi,28,27,774957,60-64,2007-2011,62,2009,1947,0
Missouri,29,83,1611105,60-64,2007-2011,62,2009,1947,0
Montana,30,11,300500,60-64,2007-2011,62,2009,1947,0
Nebraska,31,10,457176,60-64,2007-2011,62,2009,1947,-1
Nevada,32,145,727725,60-64,2007-2011,62,2009,1947,0
New Hampshire,33,24,392269,60-64,2007-2011,62,2009,1947,0
New Jersey,34,45,2323017,60-64,2007-2011,62,2009,1947,0
New Mexico,35,45,571137,60-64,2007-2011,62,2009,1947,0
New York,36,250,5134354,60-64,2007-2011,62,2009,1947,0
North Carolina,37,118,2579463,60-64,2007-2011,62,2009,1947,0
North Dakota,38,10,171720,60-64,2007-2011,62,2009,1947,-1
Ohio,39,135,3182513,60-64,2007-2011,62,2009,1947,0
Oklahoma,40,85,993967,60-64,2007-2011,62,2009,1947,0
Oregon,41,79,1126711,60-64,2007-2011,62,2009,1947,0
Pennsylvania,42,83,3579631,60-64,2007-2011,62,2009,1947,0
Rhode Island,44,30,289130,60-64,2007-2011,62,2009,1947,0
South Carolina,45,56,1345208,60-64,2007-2011,62,2009,1947,0
South Dakota,46,10,209347,60-64,2007-2011,62,2009,1947,-1
Tennessee,47,99,1782721,60-64,2007-2011,62,2009,1947,0
Texas,48,183,5618154,60-64,2007-2011,62,2009,1947,0
Utah,49,58,513319,60-64,2007-2011,62,2009,1947,0
Vermont,50,12,197844,60-64,2007-2011,62,2009,1947,0
Virginia,51,56,2127912,60-64,2007-2011,62,2009,1947,0
Washington,53,162,1826694,60-64,2007-2011,62,2009,1947,0
West Virginia,54,50,597380,60-64,2007-2011,62,2009,1947,0
Wisconsin,55,66,1503109,60-64,2007-2011,62,2009,1947,0
Wyoming,56,13,155539,60-64,2007-2011,62,2009,1947,0
Alabama,1,15,1602540,15-19,2012-2016,17,2014,1997,0
Alaska,2,10,244852,15-19,2012-2016,17,2014,1997,-1
Arizona,4,78,2280791,15-19,2012-2016,17,2014,1997,0
Arkansas,5,18,983557,15-19,2012-2016,17,2014,1997,0
California,6,160,13175682,15-19,2012-2016,17,2014,1997,0
Colorado,8,55,1725461,15-19,2012-2016,17,2014,1997,0
Connecticut,9,32,1259484,15-19,2012-2016,17,2014,1997,0
Delaware,10,10,301861,15-19,2012-2016,17,2014,1997,-1
District of Columbia,11,10,187821,15-19,2012-2016,17,2014,1997,-1
Florida,12,100,5891074,15-19,2012-2016,17,2014,1997,0
Georgia,13,54,3513709,15-19,2012-2016,17,2014,1997,0
Hawaii,15,10,400688,15-19,2012-2016,17,2014,1997,-1
Idaho,16,10,578107,15-19,2012-2016,17,2014,1997,-1
Illinois,17,137,4327863,15-19,2012-2016,17,2014,1997,0
Indiana,18,52,2283954,15-19,2012-2016,17,2014,1997,0
Iowa,19,19,1068030,15-19,2012-2016,17,2014,1997,0
Kansas,20,17,1003572,15-19,2012-2016,17,2014,1997,0
Kentucky,21,51,1422857,15-19,2012-2016,17,2014,1997,0
Louisiana,22,11,1513184,15-19,2012-2016,17,2014,1997,0
Maine,23,12,410688,15-19,2012-2016,17,2014,1997,0
Maryland,24,65,1944283,15-19,2012-2016,17,2014,1997,0
Massachusetts,25,64,2290424,15-19,2012-2016,17,2014,1997,0
Michigan,26,91,3397765,15-19,2012-2016,17,2014,1997,0
Minnesota,27,42,1789833,15-19,2012-2016,17,2014,1997,0
Mississippi,28,10,1042385,15-19,2012-2016,17,2014,1997,-1
Missouri,29,75,1990177,15-19,2012-2016,17,2014,1997,0
Montana,30,10,320673,15-19,2012-2016,17,2014,1997,-1
Nebraska,31,10,642054,15-19,2012-2016,17,2014,1997,-1
Nevada,32,44,885929,15-19,2012-2016,17,2014,1997,0
New Hampshire,33,17,446925,15-19,2012-2016,17,2014,1997,0
New Jersey,34,90,2892103,15-19,2012-2016,17,2014,1997,0
New Mexico,35,22,697324,15-19,2012-2016,17,2014,1997,0
New York,36,160,6337809,15-19,2012-2016,17,2014,1997,0
North Carolina,37,76,3285706,15-19,2012-2016,17,2014,1997,0
North Dakota,38,10,243421,15-19,2012-2016,17,2014,1997,-1
Ohio,39,129,3879465,15-19,2012-2016,17,2014,1997,0
Oklahoma,40,29,1292558,15-19,2012-2016,17,2014,1997,0
Oregon,41,16,1228599,15-19,2012-2016,17,2014,1997,0
Pennsylvania,42,121,4202727,15-19,2012-2016,17,2014,1997,0
Rhode Island,44,12,372603,15-19,2012-2016,17,2014,1997,0
South Carolina,45,22,1570336,15-19,2012-2016,17,2014,1997,0
South Dakota,46,10,286100,15-19,2012-2016,17,2014,1997,-1
Tennessee,47,62,2103005,15-19,2012-2016,17,2014,1997,0
Texas,48,166,9582908,15-19,2012-2016,17,2014,1997,0
Utah,49,34,1141302,15-19,2012-2016,17,2014,1997,0
Vermont,50,10,219993,15-19,2012-2016,17,2014,1997,-1
Virginia,51,59,2695195,15-19,2012-2016,17,2014,1997,0
Washington,53,51,2205556,15-19,2012-2016,17,2014,1997,0
West Virginia,54,19,556677,15-19,2012-2016,17,2014,1997,0
Wisconsin,55,54,1920585,15-19,2012-2016,17,2014,1997,0
Wyoming,56,10,186020,15-19,2012-2016,17,2014,1997,-1
Alabama,1,110,1738511,20-24,2012-2016,22,2014,1992,0
Alaska,2,47,305609,20-24,2012-2016,22,2014,1992,0
Arizona,4,301,2420224,20-24,2012-2016,22,2014,1992,0
Arkansas,5,73,1039666,20-24,2012-2016,22,2014,1992,0
California,6,755,14472882,20-24,2012-2016,22,2014,1992,0
Colorado,8,214,1903724,20-24,2012-2016,22,2014,1992,0
Connecticut,9,205,1203760,20-24,2012-2016,22,2014,1992,0
Delaware,10,43,319712,20-24,2012-2016,22,2014,1992,0
District of Columbia,11,10,296184,20-24,2012-2016,22,2014,1992,-1
Florida,12,562,6517039,20-24,2012-2016,22,2014,1992,0
Georgia,13,296,3667173,20-24,2012-2016,22,2014,1992,0
Hawaii,15,25,516892,20-24,2012-2016,22,2014,1992,0
Idaho,16,35,559866,20-24,2012-2016,22,2014,1992,0
Illinois,17,631,4493819,20-24,2012-2016,22,2014,1992,0
Indiana,18,250,2404839,20-24,2012-2016,22,2014,1992,0
Iowa,19,80,1141033,20-24,2012-2016,22,2014,1992,0
Kansas,20,63,1091699,20-24,2012-2016,22,2014,1992,0
Kentucky,21,242,1557372,20-24,2012-2016,22,2014,1992,0
Louisiana,22,116,1722683,20-24,2012-2016,22,2014,1992,0
Maine,23,58,392570,20-24,2012-2016,22,2014,1992,0
Maryland,24,393,2002943,20-24,2012-2016,22,2014,1992,0
Massachusetts,25,490,2444418,20-24,2012-2016,22,2014,1992,0
Michigan,26,452,3597256,20-24,2012-2016,22,2014,1992,0
Minnesota,27,165,1815260,20-24,2012-2016,22,2014,1992,0
Mississippi,28,42,1112205,20-24,2012-2016,22,2014,1992,0
Missouri,29,311,2149844,20-24,2012-2016,22,2014,1992,0
Montana,30,15,367963,20-24,2012-2016,22,2014,1992,0
Nebraska,31,18,684730,20-24,2012-2016,22,2014,1992,0
Nevada,32,142,941546,20-24,2012-2016,22,2014,1992,0
New Hampshire,33,141,446221,20-24,2012-2016,22,2014,1992,0
New Jersey,34,437,2839833,20-24,2012-2016,22,2014,1992,0
New Mexico,35,142,751709,20-24,2012-2016,22,2014,1992,0
New York,36,980,7140682,20-24,2012-2016,22,2014,1992,0
North Carolina,37,431,3542578,20-24,2012-2016,22,2014,1992,0
North Dakota,38,14,346052,20-24,2012-2016,22,2014,1992,0
Ohio,39,890,3923557,20-24,2012-2016,22,2014,1992,0
Oklahoma,40,153,1431306,20-24,2012-2016,22,2014,1992,0
Oregon,41,132,1337273,20-24,2012-2016,22,2014,1992,0
Pennsylvania,42,668,4332264,20-24,2012-2016,22,2014,1992,0
Rhode Island,44,68,406430,20-24,2012-2016,22,2014,1992,0
South Carolina,45,144,1742443,20-24,2012-2016,22,2014,1992,0
South Dakota,46,14,304468,20-24,2012-2016,22,2014,1992,0
Tennessee,47,244,2301677,20-24,2012-2016,22,2014,1992,0
Texas,48,644,9925012,20-24,2012-2016,22,2014,1992,0
Utah,49,178,1239408,20-24,2012-2016,22,2014,1992,0
Vermont,50,25,230264,20-24,2012-2016,22,2014,1992,0
Virginia,51,334,2988734,20-24,2012-2016,22,2014,1992,0
Washington,53,239,2465520,20-24,2012-2016,22,2014,1992,0
West Virginia,54,161,613216,20-24,2012-2016,22,2014,1992,0
Wisconsin,55,286,2010267,20-24,2012-2016,22,2014,1992,0
Wyoming,56,19,210820,20-24,2012-2016,22,2014,1992,0
Alabama,1,158,1595688,25-29,2012-2016,27,2014,1987,0
Alaska,2,60,308920,25-29,2012-2016,27,2014,1987,0
Arizona,4,342,2288330,25-29,2012-2016,27,2014,1987,0
Arkansas,5,88,976092,25-29,2012-2016,27,2014,1987,0
California,6,974,14621659,25-29,2012-2016,27,2014,1987,0
Colorado,8,301,2020192,25-29,2012-2016,27,2014,1987,0
Connecticut,9,365,1105555,25-29,2012-2016,27,2014,1987,0
Delaware,10,87,319271,25-29,2012-2016,27,2014,1987,0
District of Columbia,11,20,388301,25-29,2012-2016,27,2014,1987,0
Florida,12,1003,6515748,25-29,2012-2016,27,2014,1987,0
Georgia,13,460,3504511,25-29,2012-2016,27,2014,1987,0
Hawaii,15,21,538726,25-29,2012-2016,27,2014,1987,0
Idaho,16,42,537583,25-29,2012-2016,27,2014,1987,0
Illinois,17,853,4452940,25-29,2012-2016,27,2014,1987,0
Indiana,18,395,2123935,25-29,2012-2016,27,2014,1987,0
Iowa,19,80,962976,25-29,2012-2016,27,2014,1987,0
Kansas,20,97,962936,25-29,2012-2016,27,2014,1987,0
Kentucky,21,430,1423379,25-29,2012-2016,27,2014,1987,0
Louisiana,22,163,1705218,25-29,2012-2016,27,2014,1987,0
Maine,23,134,386866,25-29,2012-2016,27,2014,1987,0
Maryland,24,647,2085603,25-29,2012-2016,27,2014,1987,0
Massachusetts,25,918,2397194,25-29,2012-2016,27,2014,1987,0
Michigan,26,700,3082053,25-29,2012-2016,27,2014,1987,0
Minnesota,27,212,1829912,25-29,2012-2016,27,2014,1987,0
Mississippi,28,81,987837,25-29,2012-2016,27,2014,1987,0
Missouri,29,420,2018829,25-29,2012-2016,27,2014,1987,0
Montana,30,30,322142,25-29,2012-2016,27,2014,1987,0
Nebraska,31,35,621771,25-29,2012-2016,27,2014,1987,0
Nevada,32,182,1031797,25-29,2012-2016,27,2014,1987,0
New Hampshire,33,240,390875,25-29,2012-2016,27,2014,1987,0
New Jersey,34,618,2849408,25-29,2012-2016,27,2014,1987,0
New Mexico,35,177,710097,25-29,2012-2016,27,2014,1987,0
New York,36,1360,7344676,25-29,2012-2016,27,2014,1987,0
North Carolina,37,645,3285253,25-29,2012-2016,27,2014,1987,0
North Dakota,38,20,280746,25-29,2012-2016,27,2014,1987,0
Ohio,39,1506,3747477,25-29,2012-2016,27,2014,1987,0
Oklahoma,40,207,1341258,25-29,2012-2016,27,2014,1987,0
Oregon,41,172,1357331,25-29,2012-2016,27,2014,1987,0
Pennsylvania,42,1016,4218691,25-29,2012-2016,27,2014,1987,0
Rhode Island,44,119,360406,25-29,2012-2016,27,2014,1987,0
South Carolina,45,225,1616994,25-29,2012-2016,27,2014,1987,0
South Dakota,46,19,279867,25-29,2012-2016,27,2014,1987,0
Tennessee,47,461,2186418,25-29,2012-2016,27,2014,1987,0
Texas,48,777,9879053,25-29,2012-2016,27,2014,1987,0
Utah,49,277,1088846,25-29,2012-2016,27,2014,1987,0
Vermont,50,50,179014,25-29,2012-2016,27,2014,1987,0
Virginia,51,521,2947804,25-29,2012-2016,27,2014,1987,0
Washington,53,350,2590050,25-29,2012-2016,27,2014,1987,0
West Virginia,54,291,544735,25-29,2012-2016,27,2014,1987,0
Wisconsin,55,439,1798047,25-29,2012-2016,27,2014,1987,0
Wyoming,56,21,205890,25-29,2012-2016,27,2014,1987,0
Alabama,1,193,1539653,30-34,2012-2016,32,2014,1982,0
Alaska,2,52,276353,30-34,2012-2016,32,2014,1982,0
Arizona,4,375,2215847,30-34,2012-2016,32,2014,1982,0
Arkansas,5,96,960416,30-34,2012-2016,32,2014,1982,0
California,6,944,13929132,30-34,2012-2016,32,2014,1982,0
Colorado,8,333,1985832,30-34,2012-2016,32,2014,1982,0
Connecticut,9,321,1093471,30-34,2012-2016,32,2014,1982,0
Delaware,10,97,294169,30-34,2012-2016,32,2014,1982,0
District of Columbia,11,21,354752,30-34,2012-2016,32,2014,1982,0
Florida,12,1213,6171442,30-34,2012-2016,32,2014,1982,0
Georgia,13,472,3435230,30-34,2012-2016,32,2014,1982,0
Hawaii,15,30,501311,30-34,2012-2016,32,2014,1982,0
Idaho,16,46,539864,30-34,2012-2016,32,2014,1982,0
Illinois,17,939,4447546,30-34,2012-2016,32,2014,1982,0
Indiana,18,385,2110809,30-34,2012-2016,32,2014,1982,0
Iowa,19,89,995993,30-34,2012-2016,32,2014,1982,0
Kansas,20,91,971640,30-34,2012-2016,32,2014,1982,0
Kentucky,21,526,1417879,30-34,2012-2016,32,2014,1982,0
Louisiana,22,206,1637246,30-34,2012-2016,32,2014,1982,0
Maine,23,131,376003,30-34,2012-2016,32,2014,1982,0
Maryland,24,668,2034540,30-34,2012-2016,32,2014,1982,0
Massachusetts,25,1009,2233693,30-34,2012-2016,32,2014,1982,0
Michigan,26,827,2958218,30-34,2012-2016,32,2014,1982,0
Minnesota,27,218,1892739,30-34,2012-2016,32,2014,1982,0
Mississippi,28,90,969825,30-34,2012-2016,32,2014,1982,0
Missouri,29,527,1992087,30-34,2012-2016,32,2014,1982,0
Montana,30,27,324699,30-34,2012-2016,32,2014,1982,0
Nebraska,31,32,641837,30-34,2012-2016,32,2014,1982,0
Nevada,32,207,1010671,30-34,2012-2016,32,2014,1982,0
New Hampshire,33,216,380931,30-34,2012-2016,32,2014,1982,0
New Jersey,34,599,2890719,30-34,2012-2016,32,2014,1982,0
New Mexico,35,233,685122,30-34,2012-2016,32,2014,1982,0
New York,36,1350,6833891,30-34,2012-2016,32,2014,1982,0
North Carolina,37,704,3193017,30-34,2012-2016,32,2014,1982,0
North Dakota,38,19,256560,30-34,2012-2016,32,2014,1982,0
Ohio,39,1750,3603750,30-34,2012-2016,32,2014,1982,0
Oklahoma,40,257,1325519,30-34,2012-2016,32,2014,1982,0
Oregon,41,180,1387383,30-34,2012-2016,32,2014,1982,0
Pennsylvania,42,1049,3950609,30-34,2012-2016,32,2014,1982,0
Rhode Island,44,158,329475,30-34,2012-2016,32,2014,1982,0
South Carolina,45,240,1529197,30-34,2012-2016,32,2014,1982,0
South Dakota,46,26,278211,30-34,2012-2016,32,2014,1982,0
Tennessee,47,554,2126632,30-34,2012-2016,32,2014,1982,0
Texas,48,721,9740429,30-34,2012-2016,32,2014,1982,0
Utah,49,314,1127923,30-34,2012-2016,32,2014,1982,0
Vermont,50,60,180116,30-34,2012-2016,32,2014,1982,0
Virginia,51,579,2887267,30-34,2012-2016,32,2014,1982,0
Washington,53,360,2537012,30-34,2012-2016,32,2014,1982,0
West Virginia,54,423,551310,30-34,2012-2016,32,2014,1982,0
Wisconsin,55,418,1853536,30-34,2012-2016,32,2014,1982,0
Wyoming,56,29,204451,30-34,2012-2016,32,2014,1982,0
Alabama,1,172,1475884,35-39,2012-2016,37,2014,1977,0
Alaska,2,47,231720,35-39,2012-2016,37,2014,1977,0
Arizona,4,319,2085905,35-39,2012-2016,37,2014,1977,0
Arkansas,5,124,907698,35-39,2012-2016,37,2014,1977,0
California,6,829,12876440,35-39,2012-2016,37,2014,1977,0
Colorado,8,277,1819470,35-39,2012-2016,37,2014,1977,0
Connecticut,9,301,1047342,35-39,2012-2016,37,2014,1977,0
Delaware,10,77,269875,35-39,2012-2016,37,2014,1977,0
District of Columbia,11,25,255342,35-39,2012-2016,37,2014,1977,0
Florida,12,1099,5877854,35-39,2012-2016,37,2014,1977,0
Georgia,13,393,3342892,35-39,2012-2016,37,2014,1977,0
Hawaii,15,30,446521,35-39,2012-2016,37,2014,1977,0
Idaho,16,55,511070,35-39,2012-2016,37,2014,1977,0
Illinois,17,838,4172798,35-39,2012-2016,37,2014,1977,0
Indiana,18,353,2028477,35-39,2012-2016,37,2014,1977,0
Iowa,19,109,915617,35-39,2012-2016,37,2014,1977,0
Kansas,20,100,877284,35-39,2012-2016,37,2014,1977,0
Kentucky,21,561,1380612,35-39,2012-2016,37,2014,1977,0
Louisiana,22,171,1438841,35-39,2012-2016,37,2014,1977,0
Maine,23,128,366217,35-39,2012-2016,37,2014,1977,0
Maryland,24,519,1881828,35-39,2012-2016,37,2014,1977,0
Massachusetts,25,805,2034415,35-39,2012-2016,37,2014,1977,0
Michigan,26,654,2854397,35-39,2012-2016,37,2014,1977,0
Minnesota,27,179,1690754,35-39,2012-2016,37,2014,1977,0
Mississippi,28,76,916828,35-39,2012-2016,37,2014,1977,0
Missouri,29,456,1821375,35-39,2012-2016,37,2014,1977,0
Montana,30,34,295472,35-39,2012-2016,37,2014,1977,0
Nebraska,31,32,575814,35-39,2012-2016,37,2014,1977,0
Nevada,32,177,948303,35-39,2012-2016,37,2014,1977,0
New Hampshire,33,170,367549,35-39,2012-2016,37,2014,1977,0
New Jersey,34,461,2844104,35-39,2012-2016,37,2014,1977,0
New Mexico,35,228,615889,35-39,2012-2016,37,2014,1977,0
New York,36,1111,6209838,35-39,2012-2016,37,2014,1977,0
North Carolina,37,656,3152176,35-39,2012-2016,37,2014,1977,0
North Dakota,38,20,213806,35-39,2012-2016,37,2014,1977,0
Ohio,39,1573,3416773,35-39,2012-2016,37,2014,1977,0
Oklahoma,40,245,1192521,35-39,2012-2016,37,2014,1977,0
Oregon,41,176,1308399,35-39,2012-2016,37,2014,1977,0
Pennsylvania,42,821,3654653,35-39,2012-2016,37,2014,1977,0
Rhode Island,44,107,302678,35-39,2012-2016,37,2014,1977,0
South Carolina,45,254,1455770,35-39,2012-2016,37,2014,1977,0
South Dakota,46,20,246455,35-39,2012-2016,37,2014,1977,0
Tennessee,47,588,2044775,35-39,2012-2016,37,2014,1977,0
Texas,48,621,9113698,35-39,2012-2016,37,2014,1977,0
Utah,49,317,1047037,35-39,2012-2016,37,2014,1977,0
Vermont,50,51,171978,35-39,2012-2016,37,2014,1977,0
Virginia,51,514,2686537,35-39,2012-2016,37,2014,1977,0
Washington,53,332,2315905,35-39,2012-2016,37,2014,1977,0
West Virginia,54,460,557508,35-39,2012-2016,37,2014,1977,0
Wisconsin,55,410,1716405,35-39,2012-2016,37,2014,1977,0
Wyoming,56,23,180610,35-39,2012-2016,37,2014,1977,0
Alabama,1,143,1541721,40-44,2012-2016,42,2014,1972,0
Alaska,2,46,223008,40-44,2012-2016,42,2014,1972,0
Arizona,4,325,2093470,40-44,2012-2016,42,2014,1972,0
Arkansas,5,107,915758,40-44,2012-2016,42,2014,1972,0
California,6,878,12957350,40-44,2012-2016,42,2014,1972,0
Colorado,8,240,1800842,40-44,2012-2016,42,2014,1972,0
Connecticut,9,322,1152479,40-44,2012-2016,42,2014,1972,0
Delaware,10,63,282797,40-44,2012-2016,42,2014,1972,0
District of Columbia,11,30,207418,40-44,2012-2016,42,2014,1972,0
Florida,12,972,6261399,40-44,2012-2016,42,2014,1972,0
Georgia,13,423,3511169,40-44,2012-2016,42,2014,1972,0
Hawaii,15,32,432573,40-44,2012-2016,42,2014,1972,0
Idaho,16,47,488073,40-44,2012-2016,42,2014,1972,0
Illinois,17,756,4202806,40-44,2012-2016,42,2014,1972,0
Indiana,18,268,2085909,40-44,2012-2016,42,2014,1972,0
Iowa,19,117,902451,40-44,2012-2016,42,2014,1972,0
Kansas,20,88,847438,40-44,2012-2016,42,2014,1972,0
Kentucky,21,526,1423585,40-44,2012-2016,42,2014,1972,0
Louisiana,22,170,1394224,40-44,2012-2016,42,2014,1972,0
Maine,23,119,412429,40-44,2012-2016,42,2014,1972,0
Maryland,24,569,1961583,40-44,2012-2016,42,2014,1972,0
Massachusetts,25,754,2159345,40-44,2012-2016,42,2014,1972,0
Michigan,26,596,3091599,40-44,2012-2016,42,2014,1972,0
Minnesota,27,172,1665106,40-44,2012-2016,42,2014,1972,0
Mississippi,28,75,925357,40-44,2012-2016,42,2014,1972,0
Missouri,29,386,1835722,40-44,2012-2016,42,2014,1972,0
Montana,30,26,284736,40-44,2012-2016,42,2014,1972,0
Nebraska,31,32,552816,40-44,2012-2016,42,2014,1972,0
Nevada,32,222,966639,40-44,2012-2016,42,2014,1972,0
New Hampshire,33,166,427591,40-44,2012-2016,42,2014,1972,0
New Jersey,34,461,3019423,40-44,2012-2016,42,2014,1972,0
New Mexico,35,208,602865,40-44,2012-2016,42,2014,1972,0
New York,36,984,6315996,40-44,2012-2016,42,2014,1972,0
North Carolina,37,684,3357999,40-44,2012-2016,42,2014,1972,0
North Dakota,38,17,196303,40-44,2012-2016,42,2014,1972,0
Ohio,39,1353,3612567,40-44,2012-2016,42,2014,1972,0
Oklahoma,40,266,1164729,40-44,2012-2016,42,2014,1972,0
Oregon,41,171,1281641,40-44,2012-2016,42,2014,1972,0
Pennsylvania,42,632,3917896,40-44,2012-2016,42,2014,1972,0
Rhode Island,44,117,325073,40-44,2012-2016,42,2014,1972,0
South Carolina,45,265,1524211,40-44,2012-2016,42,2014,1972,0
South Dakota,46,15,233405,40-44,2012-2016,42,2014,1972,0
Tennessee,47,585,2147290,40-44,2012-2016,42,2014,1972,0
Texas,48,610,9051721,40-44,2012-2016,42,2014,1972,0
Utah,49,230,878986,40-44,2012-2016,42,2014,1972,0
Vermont,50,39,186865,40-44,2012-2016,42,2014,1972,0
Virginia,51,465,2758971,40-44,2012-2016,42,2014,1972,0
Washington,53,335,2296561,40-44,2012-2016,42,2014,1972,0
West Virginia,54,398,586558,40-44,2012-2016,42,2014,1972,0
Wisconsin,55,316,1744671,40-44,2012-2016,42,2014,1972,0
Wyoming,56,32,168949,40-44,2012-2016,42,2014,1972,0
Alabama,1,141,1578383,45-49,2012-2016,47,2014,1967,0
Alaska,2,40,232079,45-49,2012-2016,47,2014,1967,0
Arizona,4,353,2059896,45-49,2012-2016,47,2014,1967,0
Arkansas,5,123,928185,45-49,2012-2016,47,2014,1967,0
California,6,1116,12987615,45-49,2012-2016,47,2014,1967,0
Colorado,8,252,1745469,45-49,2012-2016,47,2014,1967,0
Connecticut,9,359,1317193,45-49,2012-2016,47,2014,1967,0
Delaware,10,73,311548,45-49,2012-2016,47,2014,1967,0
District of Columbia,11,68,191259,45-49,2012-2016,47,2014,1967,0
Florida,12,1002,6626464,45-49,2012-2016,47,2014,1967,0
Georgia,13,423,3504878,45-49,2012-2016,47,2014,1967,0
Hawaii,15,35,437302,45-49,2012-2016,47,2014,1967,0
Idaho,16,62,481122,45-49,2012-2016,47,2014,1967,0
Illinois,17,847,4294824,45-49,2012-2016,47,2014,1967,0
Indiana,18,297,2141208,45-49,2012-2016,47,2014,1967,0
Iowa,19,111,955298,45-49,2012-2016,47,2014,1967,0
Kansas,20,108,869189,45-49,2012-2016,47,2014,1967,0
Kentucky,21,562,1474087,45-49,2012-2016,47,2014,1967,0
Louisiana,22,131,1462713,45-49,2012-2016,47,2014,1967,0
Maine,23,126,467407,45-49,2012-2016,47,2014,1967,0
Maryland,24,727,2128967,45-49,2012-2016,47,2014,1967,0
Massachusetts,25,785,2390107,45-49,2012-2016,47,2014,1967,0
Michigan,26,691,3335386,45-49,2012-2016,47,2014,1967,0
Minnesota,27,181,1788877,45-49,2012-2016,47,2014,1967,0
Mississippi,28,71,937738,45-49,2012-2016,47,2014,1967,0
Missouri,29,402,1928989,45-49,2012-2016,47,2014,1967,0
Montana,30,35,299776,45-49,2012-2016,47,2014,1967,0
Nebraska,31,24,561375,45-49,2012-2016,47,2014,1967,0
Nevada,32,270,960117,45-49,2012-2016,47,2014,1967,0
New Hampshire,33,137,494801,45-49,2012-2016,47,2014,1967,0
New Jersey,34,570,3261938,45-49,2012-2016,47,2014,1967,0
New Mexico,35,210,620307,45-49,2012-2016,47,2014,1967,0
New York,36,1195,6782172,45-49,2012-2016,47,2014,1967,0
North Carolina,37,675,3387683,45-49,2012-2016,47,2014,1967,0
North Dakota,38,10,205108,45-49,2012-2016,47,2014,1967,0
Ohio,39,1364,3826788,45-49,2012-2016,47,2014,1967,0
Oklahoma,40,283,1161092,45-49,2012-2016,47,2014,1967,0
Oregon,41,186,1250937,45-49,2012-2016,47,2014,1967,0
Pennsylvania,42,659,4310467,45-49,2012-2016,47,2014,1967,0
Rhode Island,44,160,366019,45-49,2012-2016,47,2014,1967,0
South Carolina,45,286,1575609,45-49,2012-2016,47,2014,1967,0
South Dakota,46,17,246658,45-49,2012-2016,47,2014,1967,0
Tennessee,47,668,2190134,45-49,2012-2016,47,2014,1967,0
Texas,48,667,8646729,45-49,2012-2016,47,2014,1967,0
Utah,49,252,768974,45-49,2012-2016,47,2014,1967,0
Vermont,50,48,213028,45-49,2012-2016,47,2014,1967,0
Virginia,51,448,2874279,45-49,2012-2016,47,2014,1967,0
Washington,53,435,2308948,45-49,2012-2016,47,2014,1967,0
West Virginia,54,410,604731,45-49,2012-2016,47,2014,1967,0
Wisconsin,55,351,1924901,45-49,2012-2016,47,2014,1967,0
Wyoming,56,25,168540,45-49,2012-2016,47,2014,1967,0
Alabama,1,138,1709561,50-54,2012-2016,52,2014,1962,0
Alaska,2,38,260859,50-54,2012-2016,52,2014,1962,0
Arizona,4,371,2145528,50-54,2012-2016,52,2014,1962,0
Arkansas,5,102,1006860,50-54,2012-2016,52,2014,1962,0
California,6,1367,13142140,50-54,2012-2016,52,2014,1962,0
Colorado,8,270,1843467,50-54,2012-2016,52,2014,1962,0
Connecticut,9,356,1415092,50-54,2012-2016,52,2014,1962,0
Delaware,10,84,337948,50-54,2012-2016,52,2014,1962,0
District of Columbia,11,91,192268,50-54,2012-2016,52,2014,1962,0
Florida,12,1082,7094071,50-54,2012-2016,52,2014,1962,0
Georgia,13,416,3507904,50-54,2012-2016,52,2014,1962,0
Hawaii,15,40,461540,50-54,2012-2016,52,2014,1962,0
Idaho,16,47,518971,50-54,2012-2016,52,2014,1962,0
Illinois,17,844,4555879,50-54,2012-2016,52,2014,1962,0
Indiana,18,276,2319831,50-54,2012-2016,52,2014,1962,0
Iowa,19,128,1077942,50-54,2012-2016,52,2014,1962,0
Kansas,20,106,980024,50-54,2012-2016,52,2014,1962,0
Kentucky,21,543,1584199,50-54,2012-2016,52,2014,1962,0
Louisiana,22,147,1602075,50-54,2012-2016,52,2014,1962,0
Maine,23,116,535039,50-54,2012-2016,52,2014,1962,0
Maryland,24,716,2254932,50-54,2012-2016,52,2014,1962,0
Massachusetts,25,719,2536902,50-54,2012-2016,52,2014,1962,0
Michigan,26,715,3658633,50-54,2012-2016,52,2014,1962,0
Minnesota,27,201,2000494,50-54,2012-2016,52,2014,1962,0
Mississippi,28,98,1014198,50-54,2012-2016,52,2014,1962,0
Missouri,29,417,2180001,50-54,2012-2016,52,2014,1962,0
Montana,30,40,360020,50-54,2012-2016,52,2014,1962,0
Nebraska,31,35,634801,50-54,2012-2016,52,2014,1962,0
Nevada,32,333,961264,50-54,2012-2016,52,2014,1962,0
New Hampshire,33,171,556855,50-54,2012-2016,52,2014,1962,0
New Jersey,34,555,3416193,50-54,2012-2016,52,2014,1962,0
New Mexico,35,224,702704,50-54,2012-2016,52,2014,1962,0
New York,36,1318,7127016,50-54,2012-2016,52,2014,1962,0
North Carolina,37,694,3470953,50-54,2012-2016,52,2014,1962,0
North Dakota,38,22,242846,50-54,2012-2016,52,2014,1962,0
Ohio,39,1349,4210425,50-54,2012-2016,52,2014,1962,0
Oklahoma,40,396,1294007,50-54,2012-2016,52,2014,1962,0
Oregon,41,222,1326019,50-54,2012-2016,52,2014,1962,0
Pennsylvania,42,683,4724142,50-54,2012-2016,52,2014,1962,0
Rhode Island,44,139,396018,50-54,2012-2016,52,2014,1962,0
South Carolina,45,317,1677876,50-54,2012-2016,52,2014,1962,0
South Dakota,46,25,290302,50-54,2012-2016,52,2014,1962,0
Tennessee,47,655,2308844,50-54,2012-2016,52,2014,1962,0
Texas,48,737,8742786,50-54,2012-2016,52,2014,1962,0
Utah,49,255,772724,50-54,2012-2016,52,2014,1962,0
Vermont,50,47,246233,50-54,2012-2016,52,2014,1962,0
Virginia,51,439,3021611,50-54,2012-2016,52,2014,1962,0
Washington,53,474,2446762,50-54,2012-2016,52,2014,1962,0
West Virginia,54,402,659726,50-54,2012-2016,52,2014,1962,0
Wisconsin,55,378,2156006,50-54,2012-2016,52,2014,1962,0
Wyoming,56,38,200176,50-54,2012-2016,52,2014,1962,0
Alabama,1,127,1672162,55-59,2012-2016,57,2014,1957,0
Alaska,2,46,256730,55-59,2012-2016,57,2014,1957,0
Arizona,4,329,2073829,55-59,2012-2016,57,2014,1957,0
Arkansas,5,93,974860,55-59,2012-2016,57,2014,1957,0
California,6,1447,12225226,55-59,2012-2016,57,2014,1957,0
Colorado,8,256,1794875,55-59,2012-2016,57,2014,1957,0
Connecticut,9,269,1335315,55-59,2012-2016,57,2014,1957,0
Delaware,10,53,327195,55-59,2012-2016,57,2014,1957,0
District of Columbia,11,92,182806,55-59,2012-2016,57,2014,1957,0
Florida,12,924,6748597,55-59,2012-2016,57,2014,1957,0
Georgia,13,378,3192974,55-59,2012-2016,57,2014,1957,0
Hawaii,15,59,466602,55-59,2012-2016,57,2014,1957,0
Idaho,16,42,522202,55-59,2012-2016,57,2014,1957,0
Illinois,17,705,4368446,55-59,2012-2016,57,2014,1957,0
Indiana,18,221,2256725,55-59,2012-2016,57,2014,1957,0
Iowa,19,99,1077010,55-59,2012-2016,57,2014,1957,0
Kansas,20,104,969950,55-59,2012-2016,57,2014,1957,0
Kentucky,21,364,1533086,55-59,2012-2016,57,2014,1957,0
Louisiana,22,153,1575561,55-59,2012-2016,57,2014,1957,0
Maine,23,77,539978,55-59,2012-2016,57,2014,1957,0
Maryland,24,604,2086797,55-59,2012-2016,57,2014,1957,0
Massachusetts,25,501,2388339,55-59,2012-2016,57,2014,1957,0
Michigan,26,586,3640946,55-59,2012-2016,57,2014,1957,0
Minnesota,27,162,1919620,55-59,2012-2016,57,2014,1957,0
Mississippi,28,64,993073,55-59,2012-2016,57,2014,1957,0
Missouri,29,323,2118901,55-59,2012-2016,57,2014,1957,0
Montana,30,21,388111,55-59,2012-2016,57,2014,1957,0
Nebraska,31,29,625344,55-59,2012-2016,57,2014,1957,0
Nevada,32,279,908144,55-59,2012-2016,57,2014,1957,0
New Hampshire,33,102,535888,55-59,2012-2016,57,2014,1957,0
New Jersey,34,371,3162143,55-59,2012-2016,57,2014,1957,0
New Mexico,35,189,704252,55-59,2012-2016,57,2014,1957,0
New York,36,1011,6730530,55-59,2012-2016,57,2014,1957,0
North Carolina,37,452,3295654,55-59,2012-2016,57,2014,1957,0
North Dakota,38,12,247762,55-59,2012-2016,57,2014,1957,0
Ohio,39,1082,4210649,55-59,2012-2016,57,2014,1957,0
Oklahoma,40,322,1269643,55-59,2012-2016,57,2014,1957,0
Oregon,41,202,1379447,55-59,2012-2016,57,2014,1957,0
Pennsylvania,42,506,4713473,55-59,2012-2016,57,2014,1957,0
Rhode Island,44,125,384776,55-59,2012-2016,57,2014,1957,0
South Carolina,45,261,1640244,55-59,2012-2016,57,2014,1957,0
South Dakota,46,17,294146,55-59,2012-2016,57,2014,1957,0
Tennessee,47,495,2231976,55-59,2012-2016,57,2014,1957,0
Texas,48,658,8077076,55-59,2012-2016,57,2014,1957,0
Utah,49,219,745647,55-59,2012-2016,57,2014,1957,0
Vermont,50,35,252267,55-59,2012-2016,57,2014,1957,0
Virginia,51,322,2815743,55-59,2012-2016,57,2014,1957,0
Washington,53,455,2415526,55-59,2012-2016,57,2014,1957,0
West Virginia,54,284,692341,55-59,2012-2016,57,2014,1957,0
Wisconsin,55,307,2089647,55-59,2012-2016,57,2014,1957,0
Wyoming,56,22,214212,55-59,2012-2016,57,2014,1957,0
Alabama,1,43,1478610,60-64,2012-2016,62,2014,1952,0
Alaska,2,22,210902,60-64,2012-2016,62,2014,1952,0
Arizona,4,226,1906611,60-64,2012-2016,62,2014,1952,0
Arkansas,5,48,878795,60-64,2012-2016,62,2014,1952,0
California,6,1009,10320264,60-64,2012-2016,62,2014,1952,0
Colorado,8,136,1558320,60-64,2012-2016,62,2014,1952,0
Connecticut,9,128,1098323,60-64,2012-2016,62,2014,1952,0
Delaware,10,27,293812,60-64,2012-2016,62,2014,1952,0
District of Columbia,11,74,162069,60-64,2012-2016,62,2014,1952,0
Florida,12,488,6176071,60-64,2012-2016,62,2014,1952,0
Georgia,13,161,2721911,60-64,2012-2016,62,2014,1952,0
Hawaii,15,36,437582,60-64,2012-2016,62,2014,1952,0
Idaho,16,31,477360,60-64,2012-2016,62,2014,1952,0
Illinois,17,328,3698748,60-64,2012-2016,62,2014,1952,0
Indiana,18,87,1948002,60-64,2012-2016,62,2014,1952,0
Iowa,19,50,954623,60-64,2012-2016,62,2014,1952,0
Kansas,20,50,839866,60-64,2012-2016,62,2014,1952,0
Kentucky,21,171,1355573,60-64,2012-2016,62,2014,1952,0
Louisiana,22,62,1357394,60-64,2012-2016,62,2014,1952,0
Maine,23,35,490870,60-64,2012-2016,62,2014,1952,0
Maryland,24,256,1741504,60-64,2012-2016,62,2014,1952,0
Massachusetts,25,230,2035967,60-64,2012-2016,62,2014,1952,0
Michigan,26,316,3171195,60-64,2012-2016,62,2014,1952,0
Minnesota,27,93,1630285,60-64,2012-2016,62,2014,1952,0
Mississippi,28,34,869418,60-64,2012-2016,62,2014,1952,0
Missouri,29,145,1833300,60-64,2012-2016,62,2014,1952,0
Montana,30,21,362225,60-64,2012-2016,62,2014,1952,0
Nebraska,31,14,547785,60-64,2012-2016,62,2014,1952,0
Nevada,32,224,822669,60-64,2012-2016,62,2014,1952,0
New Hampshire,33,42,452648,60-64,2012-2016,62,2014,1952,0
New Jersey,34,180,2598953,60-64,2012-2016,62,2014,1952,0
New Mexico,35,114,645196,60-64,2012-2016,62,2014,1952,0
New York,36,552,5753155,60-64,2012-2016,62,2014,1952,0
North Carolina,37,216,2937597,60-64,2012-2016,62,2014,1952,0
North Dakota,38,10,211796,60-64,2012-2016,62,2014,1952,-1
Ohio,39,468,3651934,60-64,2012-2016,62,2014,1952,0
Oklahoma,40,174,1107683,60-64,2012-2016,62,2014,1952,0
Oregon,41,115,1323780,60-64,2012-2016,62,2014,1952,0
Pennsylvania,42,252,4101249,60-64,2012-2016,62,2014,1952,0
Rhode Island,44,46,326088,60-64,2012-2016,62,2014,1952,0
South Carolina,45,143,1524341,60-64,2012-2016,62,2014,1952,0
South Dakota,46,10,263779,60-64,2012-2016,62,2014,1952,-1
Tennessee,47,244,1987036,60-64,2012-2016,62,2014,1952,0
Texas,48,390,6728180,60-64,2012-2016,62,2014,1952,0
Utah,49,133,637478,60-64,2012-2016,62,2014,1952,0
Vermont,50,12,227217,60-64,2012-2016,62,2014,1952,0
Virginia,51,161,2395353,60-64,2012-2016,62,2014,1952,0
Washington,53,256,2152896,60-64,2012-2016,62,2014,1952,0
West Virginia,54,124,656634,60-64,2012-2016,62,2014,1952,0
Wisconsin,55,161,1803173,60-64,2012-2016,62,2014,1952,0
Wyoming,56,22,188511,60-64,2012-2016,62,2014,1952,0
